commodity;moneda;unidad;tipo_precio;año;mes;periodo_ym;precio_mediana;variacion_mensual_pct;estado
ACEITE SOJA;ARS;TN;Precio Hecho;2026;9;2026-09;1011700;;Sin dato
ACEITE SOJA;USD;TN;Precio Hecho;2026;9;2026-09;987.5;;Sin dato
CEBADA FORR.;USD;TN;Precio Hecho;2026;9;2026-09;215;;Sin dato
Girasol;ARS;TN;Precio Hecho;2026;9;2026-09;480576;;Sin dato
Girasol;USD;TN;Precio Hecho;2026;9;2026-09;400;;Sin dato
Maíz;ARS;TN;Precio Hecho;2026;9;2026-09;293050;;Sin dato
Maíz;USD;TN;Precio Hecho;2026;9;2026-09;196.95;;Sin dato
Soja;ARS;TN;Precio Hecho;2026;9;2026-09;555000;;Sin dato
Soja;USD;TN;Precio Hecho;2026;9;2026-09;363;;Sin dato
Sorgo;USD;TN;Precio Hecho;2026;9;2026-09;195;;Sin dato
TRIGO PAN;ARS;TN;Precio Hecho;2026;9;2026-09;346150;;Sin dato
TRIGO PAN;USD;TN;Precio Hecho;2026;9;2026-09;225;;Sin dato
