año;mes;periodo_ym;commodity;moneda;unidad;tipo_precio;fuente;operaciones;precio_promedio;precio_mediana;precio_min;precio_max;volumen_total;precio_ponderado_volumen;dias_con_datos;variacion_mensual_pct;variacion_interanual_pct
2026;3;2026-03;ACEITE SOJA;ARS;TN;Compraventa;SIO Granos / Secretaría de Agricultura;6;1274666.666667;1300000;1058000;1450000;74.84;1180652.057723;5;;
2026;3;2026-03;ACEITE SOJA;USD;TN;Canje;SIO Granos / Secretaría de Agricultura;1;960;960;960;960;30;960;1;;
2026;3;2026-03;ACEITE SOJA;USD;TN;Compraventa;SIO Granos / Secretaría de Agricultura;56;964.033036;970;500;1050;3317.38;969.055848;11;;
2026;3;2026-03;ARROZ C.L.A;ARS;TN;Canje;SIO Granos / Secretaría de Agricultura;2;380000;380000;380000;380000;5.97;380000;2;;
2026;3;2026-03;ARROZ C.L.A;ARS;TN;Compraventa;SIO Granos / Secretaría de Agricultura;10;412381.3;375000;370000;700000;1049.96;638450.525487;5;;
2026;3;2026-03;ARROZ C.L.F;ARS;TN;Canje;SIO Granos / Secretaría de Agricultura;47;244173.659574;240000;240000;260000;1529.08;246303.434431;9;;
2026;3;2026-03;ARROZ C.L.F;ARS;TN;Compraventa;SIO Granos / Secretaría de Agricultura;29;251840.275862;250000;220000;305000;9574.8;255045.27996;9;;
2026;3;2026-03;CEBADA CERV.;USD;TN;Canje;SIO Granos / Secretaría de Agricultura;4;214.7375;215;208.95;220;719.52;211.070436;2;;
2026;3;2026-03;CEBADA CERV.;USD;TN;Compraventa;SIO Granos / Secretaría de Agricultura;128;211.788047;215;176.75;230;43770.96;212.867681;13;;
2026;3;2026-03;CEBADA FORR.;ARS;TN;Compraventa;SIO Granos / Secretaría de Agricultura;47;282065.361702;284335;215000;299512;19587.38;286746.906426;13;;
2026;3;2026-03;CEBADA FORR.;USD;TN;Canje;SIO Granos / Secretaría de Agricultura;20;204.1745;205;175;215.84;5261.55;205.34746;10;;
2026;3;2026-03;CEBADA FORR.;USD;TN;Compraventa;SIO Granos / Secretaría de Agricultura;415;202.747566;205;170;215;110695.87;204.153047;13;;
2026;3;2026-03;Girasol;ARS;TN;Canje;SIO Granos / Secretaría de Agricultura;114;528231.236842;533715;447360;600097;3379.14;532531.985511;14;;
2026;3;2026-03;Girasol;ARS;TN;Compraventa;SIO Granos / Secretaría de Agricultura;1752;534064.700913;538745;198;668022;103105.71;532941.761144;15;;
2026;3;2026-03;Girasol;USD;TN;Canje;SIO Granos / Secretaría de Agricultura;152;363.417434;360;182;411.77;16611.02;360.077081;12;;
2026;3;2026-03;Girasol;USD;TN;Compraventa;SIO Granos / Secretaría de Agricultura;2663;362.70849;360;30;460;401875.56;366.085748;17;;
2026;3;2026-03;Maíz;ARS;TN;Canje;SIO Granos / Secretaría de Agricultura;628;243637.184713;243850;198055;284900;63126.95;248870.920131;16;;
2026;3;2026-03;Maíz;ARS;TN;Compraventa;SIO Granos / Secretaría de Agricultura;5297;242510.867661;243150;180;465000;807610.82;247346.027542;17;;
2026;3;2026-03;Maíz;USD;TN;Canje;SIO Granos / Secretaría de Agricultura;984;192.205061;190;19.8;361.93;236056.31;193.056229;14;;
2026;3;2026-03;Maíz;USD;TN;Compraventa;SIO Granos / Secretaría de Agricultura;5041;185.196592;185;137.69;1000;2609241.9;186.605848;16;;
2026;3;2026-03;Soja;ARS;TN;Canje;SIO Granos / Secretaría de Agricultura;421;457660.874109;470000;480;505000;26980.6;469252.098549;15;;
2026;3;2026-03;Soja;ARS;TN;Compraventa;SIO Granos / Secretaría de Agricultura;6588;467775.560677;475000;315;540150;1029854.92;469689.30764;18;;
2026;3;2026-03;Soja;USD;TN;Canje;SIO Granos / Secretaría de Agricultura;442;339.062466;339.68;195.04;421.37;75313.38;333.582836;14;;
2026;3;2026-03;Soja;USD;TN;Compraventa;SIO Granos / Secretaría de Agricultura;1395;327.247842;325;183;365;634539.49;326.280472;18;;
2026;3;2026-03;Sorgo;ARS;TN;Canje;SIO Granos / Secretaría de Agricultura;27;254487.037037;249971;231971;273370;1876.17;266979.74214;9;;
2026;3;2026-03;Sorgo;ARS;TN;Compraventa;SIO Granos / Secretaría de Agricultura;168;257427.827381;261500;110000;274600;14966.8;256846.618581;13;;
2026;3;2026-03;Sorgo;USD;TN;Canje;SIO Granos / Secretaría de Agricultura;14;195.864286;198;188.1;200;1640;197.395732;8;;
2026;3;2026-03;Sorgo;USD;TN;Compraventa;SIO Granos / Secretaría de Agricultura;234;193.499145;190;165;205;47419;193.348953;14;;
2026;3;2026-03;TRIGO CAND.;ARS;TN;Compraventa;SIO Granos / Secretaría de Agricultura;24;268531.833333;278200;42040;361255;17883.86;289465.421048;7;;
2026;3;2026-03;TRIGO CAND.;USD;TN;Compraventa;SIO Granos / Secretaría de Agricultura;1;210;210;210;210;300;210;1;;
2026;3;2026-03;TRIGO PAN;ARS;TN;Canje;SIO Granos / Secretaría de Agricultura;172;251477.383721;253820;204800;295000;8084.01;257078.726756;14;;
2026;3;2026-03;TRIGO PAN;ARS;TN;Compraventa;SIO Granos / Secretaría de Agricultura;2943;263260.478186;255500;200;430000;483870.89;266162.775354;16;;
2026;3;2026-03;TRIGO PAN;USD;TN;Canje;SIO Granos / Secretaría de Agricultura;144;201.90375;200;175;240.56;25546.4;209.104859;13;;
2026;3;2026-03;TRIGO PAN;USD;TN;Compraventa;SIO Granos / Secretaría de Agricultura;2112;202.860829;205;152.6;250;749649.34;208.979689;16;;
2026;4;2026-04;ACEITE SOJA;ARS;TN;Compraventa;SIO Granos / Secretaría de Agricultura;9;943019.777778;1240000;925;1450000;409.64;243519.89918;9;-4.615385;
2026;4;2026-04;ACEITE SOJA;USD;TN;Canje;SIO Granos / Secretaría de Agricultura;1;980;980;980;980;30;980;1;2.083333;
2026;4;2026-04;ACEITE SOJA;USD;TN;Compraventa;SIO Granos / Secretaría de Agricultura;108;978.3925;980;910;1090.8;7788.99;975.18692;19;1.030928;
2026;4;2026-04;ARROZ C.L.A;ARS;TN;Canje;SIO Granos / Secretaría de Agricultura;18;362777.777778;360000;250000;400000;283.51;372447.532715;6;-5.263158;
2026;4;2026-04;ARROZ C.L.A;ARS;TN;Compraventa;SIO Granos / Secretaría de Agricultura;32;393095.15625;400000;200000;457000;1436.67;391387.78313;11;6.666667;
2026;4;2026-04;ARROZ C.L.F;ARS;TN;Canje;SIO Granos / Secretaría de Agricultura;113;243362.477876;240000;230000;280000;6847.52;248852.959962;15;0;
2026;4;2026-04;ARROZ C.L.F;ARS;TN;Compraventa;SIO Granos / Secretaría de Agricultura;61;255108.557377;250000;194844;450000;9336.72;256775.151864;19;0;
2026;4;2026-04;CEBADA CERV.;USD;TN;Canje;SIO Granos / Secretaría de Agricultura;1;225;225;225;225;134.28;225;1;4.651163;
2026;4;2026-04;CEBADA CERV.;USD;TN;Compraventa;SIO Granos / Secretaría de Agricultura;213;213.789155;212;180;240;183676.43;216.0969;20;-1.395349;
2026;4;2026-04;CEBADA FORR.;ARS;TN;Canje;SIO Granos / Secretaría de Agricultura;20;222393.65;225000;190000;263981;1484.39;213462.739038;5;;
2026;4;2026-04;CEBADA FORR.;ARS;TN;Compraventa;SIO Granos / Secretaría de Agricultura;73;277450.273973;284028;190;299512;23495.83;284486.871133;19;-0.107971;
2026;4;2026-04;CEBADA FORR.;USD;TN;Canje;SIO Granos / Secretaría de Agricultura;22;209.18;205;180;238.39;3690.34;204.547893;13;0;
2026;4;2026-04;CEBADA FORR.;USD;TN;Compraventa;SIO Granos / Secretaría de Agricultura;432;203.422593;205;167.9;225;109260.33;204.691803;22;0;
2026;4;2026-04;Girasol;ARS;TN;Canje;SIO Granos / Secretaría de Agricultura;232;524079.987069;530010;405112;655270;6921.9;526189.328625;20;-0.694191;
2026;4;2026-04;Girasol;ARS;TN;Compraventa;SIO Granos / Secretaría de Agricultura;2173;543981.161528;543320;360;716815;145689.73;538636.646334;21;0.849196;
2026;4;2026-04;Girasol;USD;TN;Canje;SIO Granos / Secretaría de Agricultura;131;366.542137;360;300;430;19698.32;365.508053;20;0;
2026;4;2026-04;Girasol;USD;TN;Compraventa;SIO Granos / Secretaría de Agricultura;2396;369.950543;360.73;60;445;413252.16;375.575519;25;0.202778;
2026;4;2026-04;Maíz;ARS;TN;Canje;SIO Granos / Secretaría de Agricultura;1250;244378.216;248825;183;282162;109695.5;247946.339023;26;2.040189;
2026;4;2026-04;Maíz;ARS;TN;Compraventa;SIO Granos / Secretaría de Agricultura;9519;251573.957043;253000;165;475000;1799825.47;253468.45413;26;4.050997;
2026;4;2026-04;Maíz;USD;TN;Canje;SIO Granos / Secretaría de Agricultura;1430;198.521406;195.05;147;363.55;441231.21;199.697646;22;2.657895;
2026;4;2026-04;Maíz;USD;TN;Compraventa;SIO Granos / Secretaría de Agricultura;5684;188.852753;187;136.45;1000;3216345.99;188.905327;26;1.081081;
2026;4;2026-04;Soja;ARS;TN;Canje;SIO Granos / Secretaría de Agricultura;949;429780.377239;430000;320;526904;62187.84;429138.759875;24;-8.510638;
2026;4;2026-04;Soja;ARS;TN;Compraventa;SIO Granos / Secretaría de Agricultura;12335;429005.703694;430000;185;564426;1727913.16;433450.601332;28;-9.473684;
2026;4;2026-04;Soja;USD;TN;Canje;SIO Granos / Secretaría de Agricultura;1044;340.608793;341.27;190.77;445;228098.35;333.14164;20;0.468088;
2026;4;2026-04;Soja;USD;TN;Compraventa;SIO Granos / Secretaría de Agricultura;1979;315.776422;318;185;823;1062458.87;316.901641;23;-2.153846;
2026;4;2026-04;Sorgo;ARS;TN;Canje;SIO Granos / Secretaría de Agricultura;64;250930.09375;257000;195;272500;5837.77;255821.990291;19;2.811926;
2026;4;2026-04;Sorgo;ARS;TN;Compraventa;SIO Granos / Secretaría de Agricultura;268;252568.645522;259000;26000;277300;34594.93;245697.667603;21;-0.956023;
2026;4;2026-04;Sorgo;USD;TN;Canje;SIO Granos / Secretaría de Agricultura;20;200.1035;200;190;216.72;2232;198.9084;14;1.010101;
2026;4;2026-04;Sorgo;USD;TN;Compraventa;SIO Granos / Secretaría de Agricultura;370;195.970568;195;148.84;310;87029.62;197.236077;22;2.631579;
2026;4;2026-04;TRIGO CAND.;ARS;TN;Canje;SIO Granos / Secretaría de Agricultura;2;263902.5;263902.5;254005;273800;82.1;255680.70341;2;;
2026;4;2026-04;TRIGO CAND.;ARS;TN;Compraventa;SIO Granos / Secretaría de Agricultura;30;299718.1;288120;256000;408390;12034.27;292484.195158;11;3.56578;
2026;4;2026-04;TRIGO CAND.;USD;TN;Compraventa;SIO Granos / Secretaría de Agricultura;2;193.55;193.55;152.1;235;102.06;211.574211;2;-7.833333;
2026;4;2026-04;TRIGO PAN;ARS;TN;Canje;SIO Granos / Secretaría de Agricultura;351;252204.022792;253440;210;295000;22843.82;258324.514365;23;-0.149712;
2026;4;2026-04;TRIGO PAN;ARS;TN;Compraventa;SIO Granos / Secretaría de Agricultura;5341;271377.608643;268000;205;450000;941277.56;271831.110822;25;4.892368;
2026;4;2026-04;TRIGO PAN;USD;TN;Canje;SIO Granos / Secretaría de Agricultura;252;212.04754;214.915;98;256.95;42916.4;214.535613;22;7.4575;
2026;4;2026-04;TRIGO PAN;USD;TN;Compraventa;SIO Granos / Secretaría de Agricultura;3612;210.812381;215;150;334;1232771.88;214.377129;27;4.878049;
2026;5;2026-05;ACEITE SOJA;ARS;TN;Canje;SIO Granos / Secretaría de Agricultura;1;1209070;1209070;1209070;1209070;28.38;1209070;1;;
2026;5;2026-05;ACEITE SOJA;ARS;TN;Compraventa;SIO Granos / Secretaría de Agricultura;12;1043411.75;1265000;943;1450000;200.06;1103339.380786;9;2.016129;
2026;5;2026-05;ACEITE SOJA;USD;TN;Compraventa;SIO Granos / Secretaría de Agricultura;102;968.057549;980;277;1040;11454.82;952.116684;20;0;
2026;5;2026-05;ARROZ C.L.A;ARS;TN;Canje;SIO Granos / Secretaría de Agricultura;30;369500;360000;235000;400000;691.04;385535.714286;8;0;
2026;5;2026-05;ARROZ C.L.A;ARS;TN;Compraventa;SIO Granos / Secretaría de Agricultura;20;386491;396877;221440;429760;1578.61;396056.05031;10;-0.78075;
2026;5;2026-05;ARROZ C.L.F;ARS;TN;Canje;SIO Granos / Secretaría de Agricultura;133;251197.894737;250000;230000;300000;4981.86;252218.882185;16;4.166667;
2026;5;2026-05;ARROZ C.L.F;ARS;TN;Compraventa;SIO Granos / Secretaría de Agricultura;53;288508.188679;280000;206523;792000;12041.54;317353.25289;17;12;
2026;5;2026-05;CEBADA CERV.;USD;TN;Compraventa;SIO Granos / Secretaría de Agricultura;205;223.290244;230;175;278;103674.01;223.419603;19;8.490566;
2026;5;2026-05;CEBADA FORR.;ARS;TN;Compraventa;SIO Granos / Secretaría de Agricultura;67;282526.014925;288750;125000;295000;29978.45;287789.546427;17;1.662512;
2026;5;2026-05;CEBADA FORR.;USD;TN;Canje;SIO Granos / Secretaría de Agricultura;29;207.07069;207;169.15;238.39;3037.43;210.652744;13;0.97561;
2026;5;2026-05;CEBADA FORR.;USD;TN;Compraventa;SIO Granos / Secretaría de Agricultura;436;205.832683;207;165;320;90875.62;207.152309;21;0.97561;
2026;5;2026-05;Girasol;ARS;TN;Canje;SIO Granos / Secretaría de Agricultura;48;572919.875;582770;472260;673870;1508.78;566964.476988;17;9.954529;
2026;5;2026-05;Girasol;ARS;TN;Compraventa;SIO Granos / Secretaría de Agricultura;1689;576783.208407;582960;380;716874;127569.28;570863.445503;20;7.295885;
2026;5;2026-05;Girasol;USD;TN;Canje;SIO Granos / Secretaría de Agricultura;97;380.243918;380;300;430;12495.4;378.88299;19;5.555556;
2026;5;2026-05;Girasol;USD;TN;Compraventa;SIO Granos / Secretaría de Agricultura;1737;389.55468;380;295.5;1210;336001.74;390.111159;24;5.341945;
2026;5;2026-05;Maíz;ARS;TN;Canje;SIO Granos / Secretaría de Agricultura;846;247376.29279;254460;156;440000;80746.49;246537.999768;21;2.264644;
2026;5;2026-05;Maíz;ARS;TN;Compraventa;SIO Granos / Secretaría de Agricultura;7632;256050.967944;256926.5;190;465000;1697006.7;258868.919402;27;1.551976;
2026;5;2026-05;Maíz;USD;TN;Canje;SIO Granos / Secretaría de Agricultura;1108;200.977771;196.13;118.1;368.43;260742.65;198.209889;19;0.553704;
2026;5;2026-05;Maíz;USD;TN;Compraventa;SIO Granos / Secretaría de Agricultura;4569;191.066739;190;129.19;350;2841199.16;192.759448;29;1.604278;
2026;5;2026-05;Soja;ARS;TN;Canje;SIO Granos / Secretaría de Agricultura;3354;444715.131485;451352;430;525760;259492.23;444759.388613;26;4.965581;
2026;5;2026-05;Soja;ARS;TN;Compraventa;SIO Granos / Secretaría de Agricultura;32701;448465.801706;458300;184.6;587518;4677809.76;450882.714518;29;6.581395;
2026;5;2026-05;Soja;USD;TN;Canje;SIO Granos / Secretaría de Agricultura;2002;350.168886;352.17;196.13;409.35;221602.36;346.291983;21;3.193952;
2026;5;2026-05;Soja;USD;TN;Compraventa;SIO Granos / Secretaría de Agricultura;2887;321.787392;320.7;138;460;1769531.46;325.545172;25;0.849057;
2026;5;2026-05;Sorgo;ARS;TN;Canje;SIO Granos / Secretaría de Agricultura;32;269804.90625;262001;195;380700;1488.27;284626.625478;13;1.945914;
2026;5;2026-05;Sorgo;ARS;TN;Compraventa;SIO Granos / Secretaría de Agricultura;235;267402.144681;273195;130;430000;24089.05;267324.941906;20;5.480695;
2026;5;2026-05;Sorgo;USD;TN;Canje;SIO Granos / Secretaría de Agricultura;41;199.113659;198;190.08;234.79;47182.13;193.850321;18;-1;
2026;5;2026-05;Sorgo;USD;TN;Compraventa;SIO Granos / Secretaría de Agricultura;609;196.969015;198;122.95;330;144671.47;197.032981;21;1.538462;
2026;5;2026-05;TRIGO CAND.;ARS;TN;Compraventa;SIO Granos / Secretaría de Agricultura;38;323822.394737;313752.5;254460;395252;18780.58;320485.617839;16;8.896467;
2026;5;2026-05;TRIGO CAND.;USD;TN;Compraventa;SIO Granos / Secretaría de Agricultura;1;235;235;235;235;15.1;235;1;21.415655;
2026;5;2026-05;TRIGO PAN;ARS;TN;Canje;SIO Granos / Secretaría de Agricultura;324;283464.209877;291300;202600;360000;16711.8;281476.505168;22;14.938447;
2026;5;2026-05;TRIGO PAN;ARS;TN;Compraventa;SIO Granos / Secretaría de Agricultura;4497;301106.114007;297345;213.05;500000;911270.86;303427.622799;25;10.949627;
2026;5;2026-05;TRIGO PAN;USD;TN;Canje;SIO Granos / Secretaría de Agricultura;281;223.836797;223.8;165;312;47132.72;224.233549;19;4.134193;
2026;5;2026-05;TRIGO PAN;USD;TN;Compraventa;SIO Granos / Secretaría de Agricultura;2411;220.902182;225;168;380;1141725.23;217.582351;23;4.651163;
2026;6;2026-06;ACEITE SOJA;ARS;TN;Compraventa;SIO Granos / Secretaría de Agricultura;11;1297246.363636;1260000;1106220;1452000;190.65;1266830.028849;7;-0.395257;
2026;6;2026-06;ACEITE SOJA;USD;TN;Compraventa;SIO Granos / Secretaría de Agricultura;106;957.821981;960;880;1076;7983.91;961.806545;21;-2.040816;
2026;6;2026-06;ARROZ C.L.A;ARS;TN;Canje;SIO Granos / Secretaría de Agricultura;32;386875;400000;360000;400000;1625.49;396684.93808;8;11.111111;
2026;6;2026-06;ARROZ C.L.A;ARS;TN;Compraventa;SIO Granos / Secretaría de Agricultura;19;380098.157895;400000;304000;411588;2848.97;364544.619017;6;0.786894;
2026;6;2026-06;ARROZ C.L.F;ARS;TN;Canje;SIO Granos / Secretaría de Agricultura;75;283178.306667;300000;200000;390000;19736.23;334419.017339;14;20;
2026;6;2026-06;ARROZ C.L.F;ARS;TN;Compraventa;SIO Granos / Secretaría de Agricultura;73;287564.684932;287874;150000;450000;10955.04;291602.61187;16;2.812143;
2026;6;2026-06;CEBADA CERV.;USD;TN;Canje;SIO Granos / Secretaría de Agricultura;4;232.5;232.5;230;235;610;233.278689;2;3.333333;
2026;6;2026-06;CEBADA CERV.;USD;TN;Compraventa;SIO Granos / Secretaría de Agricultura;364;218.217582;210;190;250;310483.28;215.078164;21;-8.695652;
2026;6;2026-06;CEBADA FORR.;ARS;TN;Canje;SIO Granos / Secretaría de Agricultura;2;235000;235000;235000;235000;58.13;235000;1;4.444444;
2026;6;2026-06;CEBADA FORR.;ARS;TN;Compraventa;SIO Granos / Secretaría de Agricultura;21;273890.428571;285500;200000;294736;5837.12;284692.77212;11;-1.125541;
2026;6;2026-06;CEBADA FORR.;USD;TN;Canje;SIO Granos / Secretaría de Agricultura;18;193.483333;195;167.45;207.9;2497.25;197.078466;11;-5.797101;
2026;6;2026-06;CEBADA FORR.;USD;TN;Compraventa;SIO Granos / Secretaría de Agricultura;354;198.823588;198;140;254;67761.11;200.902824;22;-4.347826;
2026;6;2026-06;Girasol;ARS;TN;Canje;SIO Granos / Secretaría de Agricultura;61;598034.081967;595140;471735;698541;1924.19;594801.028183;17;2.122621;
2026;6;2026-06;Girasol;ARS;TN;Compraventa;SIO Granos / Secretaría de Agricultura;1692;613725.132979;602000;410;742751;103379.84;610016.075131;23;3.26609;
2026;6;2026-06;Girasol;USD;TN;Canje;SIO Granos / Secretaría de Agricultura;87;390.947586;390;294;460;15255.43;418.090585;20;2.631579;
2026;6;2026-06;Girasol;USD;TN;Compraventa;SIO Granos / Secretaría de Agricultura;1620;397.504235;400;290;455;325670.73;401.425065;24;5.263158;
2026;6;2026-06;Maíz;ARS;TN;Canje;SIO Granos / Secretaría de Agricultura;792;254459.80303;255600;192208;465000;123063.17;248692.569908;23;0.448008;
2026;6;2026-06;Maíz;ARS;TN;Compraventa;SIO Granos / Secretaría de Agricultura;7849;254473.707647;257045;180;475000;1993976.77;257382.965727;29;0.046122;
2026;6;2026-06;Maíz;USD;TN;Canje;SIO Granos / Secretaría de Agricultura;817;187.16481;182;143;910;184558.53;189.295279;22;-7.204405;
2026;6;2026-06;Maíz;USD;TN;Compraventa;SIO Granos / Secretaría de Agricultura;3414;180.970521;180;133.5;300;1654523.56;181.624134;26;-5.263158;
2026;6;2026-06;Soja;ARS;TN;Canje;SIO Granos / Secretaría de Agricultura;3105;457525.42351;464332;325;591000;252563.31;458310.268383;24;2.875804;
2026;6;2026-06;Soja;ARS;TN;Compraventa;SIO Granos / Secretaría de Agricultura;27445;458107.434615;465000;465;750000;9165972.7;460570.607913;30;1.461925;
2026;6;2026-06;Soja;USD;TN;Canje;SIO Granos / Secretaría de Agricultura;799;338.24413;330.53;90;419;113572.6;332.242301;22;-6.14476;
2026;6;2026-06;Soja;USD;TN;Compraventa;SIO Granos / Secretaría de Agricultura;1917;316.095743;315;180;450;798750.58;320.615364;21;-1.777362;
2026;6;2026-06;Sorgo;ARS;TN;Canje;SIO Granos / Secretaría de Agricultura;70;267947.842857;267969;231000;288400;214686.23;267143.97741;20;2.277854;
2026;6;2026-06;Sorgo;ARS;TN;Compraventa;SIO Granos / Secretaría de Agricultura;376;276131.832447;279000;130000;477700;50215.77;280247.397484;24;2.124856;
2026;6;2026-06;Sorgo;USD;TN;Canje;SIO Granos / Secretaría de Agricultura;26;192.902692;195;118.86;222.18;4582.41;188.410138;10;-1.515152;
2026;6;2026-06;Sorgo;USD;TN;Compraventa;SIO Granos / Secretaría de Agricultura;585;191.766359;193;104.78;205;144887.93;194.206208;22;-2.525253;
2026;6;2026-06;TRIGO CAND.;ARS;TN;Compraventa;SIO Granos / Secretaría de Agricultura;23;316920.73913;299300;239238;423056;6504.34;317545.815658;14;-4.606338;
2026;6;2026-06;TRIGO CAND.;USD;TN;Compraventa;SIO Granos / Secretaría de Agricultura;2;246.475;246.475;235.1;257.85;8900;238.167416;2;4.882979;
2026;6;2026-06;TRIGO PAN;ARS;TN;Canje;SIO Granos / Secretaría de Agricultura;347;292146.285303;295500;213762;375000;22458.02;294946.022967;22;1.441813;
2026;6;2026-06;TRIGO PAN;ARS;TN;Compraventa;SIO Granos / Secretaría de Agricultura;5187;302284.746819;299000;1000;490000;1269334.16;309896.894479;28;0.556593;
2026;6;2026-06;TRIGO PAN;USD;TN;Canje;SIO Granos / Secretaría de Agricultura;238;208.869286;207;177;243.84;36107.08;209.23084;21;-7.506702;
2026;6;2026-06;TRIGO PAN;USD;TN;Compraventa;SIO Granos / Secretaría de Agricultura;2016;209.375848;207;166.96;380;822802.12;211.061443;26;-8;
2026;7;2026-07;ACEITE SOJA;ARS;TN;Canje;SIO Granos / Secretaría de Agricultura;2;1234015;1234015;1221940;1246090;59.74;1233962.447272;2;2.063156;
2026;7;2026-07;ACEITE SOJA;ARS;TN;Compraventa;SIO Granos / Secretaría de Agricultura;10;1257766.6;1280000;750456;1460000;171.54;1226874.06599;8;1.587302;
2026;7;2026-07;ACEITE SOJA;USD;TN;Compraventa;SIO Granos / Secretaría de Agricultura;86;934.77314;940;400;1060.5;5075.33;932.490435;22;-2.083333;
2026;7;2026-07;ARROZ C.L.A;ARS;TN;Canje;SIO Granos / Secretaría de Agricultura;34;395353.235294;400000;360000;436360;975.96;398033.974138;10;0;
2026;7;2026-07;ARROZ C.L.A;ARS;TN;Compraventa;SIO Granos / Secretaría de Agricultura;11;395454.545455;400000;370000;400000;144.69;399664.800608;7;0;
2026;7;2026-07;ARROZ C.L.F;ARS;TN;Canje;SIO Granos / Secretaría de Agricultura;76;281977.934211;300000;220000;300000;11277.8;272326.281706;10;0;
2026;7;2026-07;ARROZ C.L.F;ARS;TN;Compraventa;SIO Granos / Secretaría de Agricultura;79;279086.860759;270000;230000;365000;18785.71;281749.697043;14;-6.208966;
2026;7;2026-07;CEBADA CERV.;ARS;TN;Canje;SIO Granos / Secretaría de Agricultura;1;300000;300000;300000;300000;3.15;300000;1;;
2026;7;2026-07;CEBADA CERV.;USD;TN;Canje;SIO Granos / Secretaría de Agricultura;4;233.75;235;230;235;450;234.333333;4;1.075269;
2026;7;2026-07;CEBADA CERV.;USD;TN;Compraventa;SIO Granos / Secretaría de Agricultura;365;216.997425;210;175;271.43;152111.37;217.488611;21;0;
2026;7;2026-07;CEBADA FORR.;ARS;TN;Compraventa;SIO Granos / Secretaría de Agricultura;9;265291.888889;282000;190000;285544;1850;281580.145946;5;-1.225919;
2026;7;2026-07;CEBADA FORR.;USD;TN;Canje;SIO Granos / Secretaría de Agricultura;26;195.226154;192;188;222.24;4280.42;196.511457;13;-1.538462;
2026;7;2026-07;CEBADA FORR.;USD;TN;Compraventa;SIO Granos / Secretaría de Agricultura;350;193.443514;193;175;240;81845.53;195.928843;23;-2.525253;
2026;7;2026-07;Girasol;ARS;TN;Canje;SIO Granos / Secretaría de Agricultura;64;642502.1875;658537.5;534005;766440;2219.1;642741.165716;19;10.652536;
2026;7;2026-07;Girasol;ARS;TN;Compraventa;SIO Granos / Secretaría de Agricultura;950;655305.8;662625;420;887299;64768.69;660475.068317;24;10.070598;
2026;7;2026-07;Girasol;USD;TN;Canje;SIO Granos / Secretaría de Agricultura;95;411.563895;400;330;480;15956.8;416.926853;19;2.564103;
2026;7;2026-07;Girasol;USD;TN;Compraventa;SIO Granos / Secretaría de Agricultura;1243;413.61646;408;174.34;500;286192.16;406.778344;26;2;
2026;7;2026-07;Maíz;ARS;TN;Canje;SIO Granos / Secretaría de Agricultura;1119;266804.297587;266700;1000;513000;135917.81;262384.735413;27;4.342723;
2026;7;2026-07;Maíz;ARS;TN;Compraventa;SIO Granos / Secretaría de Agricultura;13589;267358.069726;268920;182;510000;2803504.75;270595.336563;29;4.619814;
2026;7;2026-07;Maíz;USD;TN;Canje;SIO Granos / Secretaría de Agricultura;1946;195.783407;192.96;118.46;391.84;511784.98;193.184474;25;6.021978;
2026;7;2026-07;Maíz;USD;TN;Compraventa;SIO Granos / Secretaría de Agricultura;5840;185.445418;187;10;335;3624601.65;186.825392;29;3.888889;
2026;7;2026-07;Soja;ARS;TN;Canje;SIO Granos / Secretaría de Agricultura;1671;479176.274686;481000;17384;520000;101779.94;486192.202794;27;3.589673;
2026;7;2026-07;Soja;ARS;TN;Compraventa;SIO Granos / Secretaría de Agricultura;21385;486708.609493;490000;475;644000;4397985.25;491477.597389;29;5.376344;
2026;7;2026-07;Soja;USD;TN;Canje;SIO Granos / Secretaría de Agricultura;726;348.156322;346.05;185;415.55;104990.85;336.87713;24;4.695489;
2026;7;2026-07;Soja;USD;TN;Compraventa;SIO Granos / Secretaría de Agricultura;2478;328.545658;330;175;450;1049037.73;331.977913;27;4.761905;
2026;7;2026-07;Sorgo;ARS;TN;Canje;SIO Granos / Secretaría de Agricultura;55;263512.927273;266400;181765;285500;38795.67;263338.440605;15;-0.585515;
2026;7;2026-07;Sorgo;ARS;TN;Compraventa;SIO Granos / Secretaría de Agricultura;411;262261.068127;266530;26300;310590;66906.68;261769.726259;23;-4.469534;
2026;7;2026-07;Sorgo;USD;TN;Canje;SIO Granos / Secretaría de Agricultura;30;185.179;183.15;170;211.39;3097.17;186.679682;14;-6.076923;
2026;7;2026-07;Sorgo;USD;TN;Compraventa;SIO Granos / Secretaría de Agricultura;519;181.029114;180;122.33;200;94323.69;182.784447;23;-6.735751;
2026;7;2026-07;TRIGO CAND.;ARS;TN;Compraventa;SIO Granos / Secretaría de Agricultura;36;325348.555556;314806.5;276721;433912;10418.39;325254.234108;13;5.180922;
2026;7;2026-07;TRIGO CAND.;USD;TN;Compraventa;SIO Granos / Secretaría de Agricultura;1;321;321;321;321;170;321;1;30.236332;
2026;7;2026-07;TRIGO PAN;ARS;TN;Canje;SIO Granos / Secretaría de Agricultura;260;293898.942308;292000;240072;515000;34784;283683.025;23;-1.184433;
2026;7;2026-07;TRIGO PAN;ARS;TN;Compraventa;SIO Granos / Secretaría de Agricultura;4061;302273.567936;300000;230;555000;687112.89;305438.60925;28;0.334448;
2026;7;2026-07;TRIGO PAN;USD;TN;Canje;SIO Granos / Secretaría de Agricultura;490;216.225735;220;170;251.43;111285.93;217.871914;22;6.280193;
2026;7;2026-07;TRIGO PAN;USD;TN;Compraventa;SIO Granos / Secretaría de Agricultura;4138;215.566428;220;160;320;1499456.42;218.084578;25;6.280193;
2026;8;2026-08;ACEITE SOJA;ARS;TN;Canje;SIO Granos / Secretaría de Agricultura;1;1246090;1246090;1246090;1246090;29.38;1246090;1;0.978513;
2026;8;2026-08;ACEITE SOJA;ARS;TN;Compraventa;SIO Granos / Secretaría de Agricultura;6;1124300;1177900;860000;1300000;142.93;1072575.795144;6;-7.976562;
2026;8;2026-08;ACEITE SOJA;USD;TN;Compraventa;SIO Granos / Secretaría de Agricultura;164;940.316159;940;95;1000;10252.45;942.712555;23;0;
2026;8;2026-08;ARROZ C.L.A;ARS;TN;Canje;SIO Granos / Secretaría de Agricultura;10;382258.7;400000;262587;400000;803.96;288597.765623;6;0;
2026;8;2026-08;ARROZ C.L.A;ARS;TN;Compraventa;SIO Granos / Secretaría de Agricultura;14;435758.928571;400000;350000;750000;1687.31;527734.464947;5;0;
2026;8;2026-08;ARROZ C.L.F;ARS;TN;Canje;SIO Granos / Secretaría de Agricultura;9;322222.222222;300000;300000;350000;95.45;328166.579361;4;0;
2026;8;2026-08;ARROZ C.L.F;ARS;TN;Compraventa;SIO Granos / Secretaría de Agricultura;56;290386.928571;300000;1267;365000;5099.07;298464.778805;15;11.111111;
2026;8;2026-08;CEBADA CERV.;ARS;TN;Compraventa;SIO Granos / Secretaría de Agricultura;1;170000;170000;170000;170000;29.12;170000;1;;
2026;8;2026-08;CEBADA CERV.;USD;TN;Canje;SIO Granos / Secretaría de Agricultura;3;230;235;215;240;90;230;3;0;
2026;8;2026-08;CEBADA CERV.;USD;TN;Compraventa;SIO Granos / Secretaría de Agricultura;314;231.253854;235;190;263.91;104627.84;227.99133;20;11.904762;
2026;8;2026-08;CEBADA FORR.;ARS;TN;Canje;SIO Granos / Secretaría de Agricultura;3;223666.666667;225000;220000;226000;91.79;222433.162654;2;-4.255319;
2026;8;2026-08;CEBADA FORR.;ARS;TN;Compraventa;SIO Granos / Secretaría de Agricultura;13;272936.923077;290160;174000;311000;2439.08;289199.029962;8;2.893617;
2026;8;2026-08;CEBADA FORR.;USD;TN;Canje;SIO Granos / Secretaría de Agricultura;77;205.567013;205;167.45;240.3;15453.42;206.65218;18;6.770833;
2026;8;2026-08;CEBADA FORR.;USD;TN;Compraventa;SIO Granos / Secretaría de Agricultura;563;203.095826;205;135;250;155139.13;205.810479;22;6.217617;
2026;8;2026-08;Girasol;ARS;TN;Canje;SIO Granos / Secretaría de Agricultura;38;716888.973684;736895.5;498496;851000;981.84;720443.991068;15;11.898791;
2026;8;2026-08;Girasol;ARS;TN;Compraventa;SIO Granos / Secretaría de Agricultura;774;719908.073643;728860;410;910734;50474.98;714437.378228;23;9.99585;
2026;8;2026-08;Girasol;USD;TN;Canje;SIO Granos / Secretaría de Agricultura;80;431.880375;444.6;330;520;8709.93;433.180968;20;11.15;
2026;8;2026-08;Girasol;USD;TN;Compraventa;SIO Granos / Secretaría de Agricultura;1874;442.048266;450;178;535;435523.85;436.741666;21;10.294118;
2026;8;2026-08;Maíz;ARS;TN;Canje;SIO Granos / Secretaría de Agricultura;1467;264150.728773;268020;183.15;554280;115184.1;267660.539906;25;0.494938;
2026;8;2026-08;Maíz;ARS;TN;Compraventa;SIO Granos / Secretaría de Agricultura;12908;267070.455688;271100;169.98;550000;2169413.91;270113.990727;28;0.81065;
2026;8;2026-08;Maíz;USD;TN;Canje;SIO Granos / Secretaría de Agricultura;1686;196.085652;195;139.35;542.02;459937.62;198.457293;21;1.057214;
2026;8;2026-08;Maíz;USD;TN;Compraventa;SIO Granos / Secretaría de Agricultura;10579;191.745708;194.93;19;370;10835486.04;188.876969;29;4.240642;
2026;8;2026-08;Soja;ARS;TN;Canje;SIO Granos / Secretaría de Agricultura;1222;509037.072831;509850;49490;555000;64764.97;511455.679401;25;5.997921;
2026;8;2026-08;Soja;ARS;TN;Compraventa;SIO Granos / Secretaría de Agricultura;18377;512518.364194;510000;358.8;600000;3961266.47;516322.774157;29;4.081633;
2026;8;2026-08;Soja;USD;TN;Canje;SIO Granos / Secretaría de Agricultura;722;360.61615;352;200.55;418.47;109588.28;350.081102;22;1.719405;
2026;8;2026-08;Soja;USD;TN;Compraventa;SIO Granos / Secretaría de Agricultura;2608;346.401089;349;173;520;1151198.45;350.067002;24;5.757576;
2026;8;2026-08;Sorgo;ARS;TN;Canje;SIO Granos / Secretaría de Agricultura;10;267262;269265;236425;280915;435.15;261875.772377;7;1.07545;
2026;8;2026-08;Sorgo;ARS;TN;Compraventa;SIO Granos / Secretaría de Agricultura;369;271878;274260;182480;495000;26483.57;271382.817792;23;2.900236;
2026;8;2026-08;Sorgo;USD;TN;Canje;SIO Granos / Secretaría de Agricultura;15;187.356667;185;178.2;216.75;998.23;185.480848;10;1.010101;
2026;8;2026-08;Sorgo;USD;TN;Compraventa;SIO Granos / Secretaría de Agricultura;323;182.643344;185;123.12;450;80946.66;186.989334;21;2.777778;
2026;8;2026-08;TRIGO CAND.;ARS;TN;Compraventa;SIO Granos / Secretaría de Agricultura;23;333834.73913;320200;283535;423161;7495.81;331462.537111;12;1.713275;
2026;8;2026-08;TRIGO CAND.;USD;TN;Compraventa;SIO Granos / Secretaría de Agricultura;1;381.25;381.25;381.25;381.25;180;381.25;1;18.76947;
2026;8;2026-08;TRIGO PAN;ARS;TN;Canje;SIO Granos / Secretaría de Agricultura;209;317484.866029;318599;240000;432000;16842.7;326107.193001;22;9.109247;
2026;8;2026-08;TRIGO PAN;ARS;TN;Compraventa;SIO Granos / Secretaría de Agricultura;4372;322608.934822;324720;215;540000;784734.91;324515.415567;27;8.24;
2026;8;2026-08;TRIGO PAN;USD;TN;Canje;SIO Granos / Secretaría de Agricultura;515;228.708485;228.85;186;276.45;88075.85;227.753137;22;4.022727;
2026;8;2026-08;TRIGO PAN;USD;TN;Compraventa;SIO Granos / Secretaría de Agricultura;5859;229.593864;230;60;360;2056426.19;230.133286;29;4.545455;
2026;9;2026-09;ACEITE SOJA;ARS;TN;Compraventa;SIO Granos / Secretaría de Agricultura;1;1300000;1300000;1300000;1300000;10.96;1300000;1;10.365905;
2026;9;2026-09;ACEITE SOJA;USD;TN;Compraventa;SIO Granos / Secretaría de Agricultura;26;956.038462;955;900;992;1677.47;960.456282;6;1.595745;
2026;9;2026-09;ARROZ C.L.A;ARS;TN;Compraventa;SIO Granos / Secretaría de Agricultura;3;407000;460500;300000;460500;67.96;426846.01236;2;15.125;
2026;9;2026-09;ARROZ C.L.F;ARS;TN;Compraventa;SIO Granos / Secretaría de Agricultura;12;345833.333333;350000;300000;350000;397.91;343717.172225;2;16.666667;
2026;9;2026-09;CEBADA CERV.;USD;TN;Canje;SIO Granos / Secretaría de Agricultura;1;215;215;215;215;30.38;215;1;-8.510638;
2026;9;2026-09;CEBADA CERV.;USD;TN;Compraventa;SIO Granos / Secretaría de Agricultura;102;234.664706;240;208.5;264.4;41334.7;228.542909;5;2.12766;
2026;9;2026-09;CEBADA FORR.;ARS;TN;Compraventa;SIO Granos / Secretaría de Agricultura;1;315420;315420;315420;315420;60;315420;1;8.705542;
2026;9;2026-09;CEBADA FORR.;USD;TN;Canje;SIO Granos / Secretaría de Agricultura;29;216.684138;218.9;205.8;226.6;7412;218.263654;4;6.780488;
2026;9;2026-09;CEBADA FORR.;USD;TN;Compraventa;SIO Granos / Secretaría de Agricultura;291;216.703436;220;180;267;144773.17;217.54588;5;7.317073;
2026;9;2026-09;Girasol;ARS;TN;Canje;SIO Granos / Secretaría de Agricultura;1;758880;758880;758880;758880;87.71;758880;1;2.983395;
2026;9;2026-09;Girasol;ARS;TN;Compraventa;SIO Granos / Secretaría de Agricultura;79;720111.189873;749400;410;806144;6096.34;696350.843787;4;2.818099;
2026;9;2026-09;Girasol;USD;TN;Canje;SIO Granos / Secretaría de Agricultura;18;422.825;419;360;500;2101.95;421.506791;4;-5.757985;
2026;9;2026-09;Girasol;USD;TN;Compraventa;SIO Granos / Secretaría de Agricultura;368;454.781087;450;300;550;82751.67;450.410676;6;0;
2026;9;2026-09;Maíz;ARS;TN;Canje;SIO Granos / Secretaría de Agricultura;310;265507.964516;263800;165212;296901;27509.55;264570.013975;5;-1.574509;
2026;9;2026-09;Maíz;ARS;TN;Compraventa;SIO Granos / Secretaría de Agricultura;2340;276607.988034;283680;195;565000;469049.25;280252.949588;7;4.640354;
2026;9;2026-09;Maíz;USD;TN;Canje;SIO Granos / Secretaría de Agricultura;352;205.950966;205.95;171;375;91497.37;204.47346;5;5.615385;
2026;9;2026-09;Maíz;USD;TN;Compraventa;SIO Granos / Secretaría de Agricultura;2369;198.658501;200;130.63;450;1439287.07;201.31318;7;2.600934;
2026;9;2026-09;Soja;ARS;TN;Canje;SIO Granos / Secretaría de Agricultura;251;540035.541833;559620;375;565000;17656.4;547203.298155;5;9.761695;
2026;9;2026-09;Soja;ARS;TN;Compraventa;SIO Granos / Secretaría de Agricultura;3880;553474.406701;560000;370;630180;1030522.51;552169.213933;7;9.803922;
2026;9;2026-09;Soja;USD;TN;Canje;SIO Granos / Secretaría de Agricultura;195;371.539692;365;192.93;433.66;37163.38;359.46202;4;3.693182;
2026;9;2026-09;Soja;USD;TN;Compraventa;SIO Granos / Secretaría de Agricultura;879;364.299943;363;300;491;417158.29;367.205601;6;4.011461;
2026;9;2026-09;Sorgo;ARS;TN;Canje;SIO Granos / Secretaría de Agricultura;2;272525;272525;267050;278000;130.69;274590.745275;2;1.210703;
2026;9;2026-09;Sorgo;ARS;TN;Compraventa;SIO Granos / Secretaría de Agricultura;56;266805.714286;272600;195000;280094;6919.76;272378.34422;5;-0.605265;
2026;9;2026-09;Sorgo;USD;TN;Compraventa;SIO Granos / Secretaría de Agricultura;84;183.23869;183;180;186.85;63289.46;182.234057;4;-1.081081;
2026;9;2026-09;TRIGO CAND.;ARS;TN;Compraventa;SIO Granos / Secretaría de Agricultura;9;401653.333333;405598;324492;439956;1178.37;404791.18204;2;26.670206;
2026;9;2026-09;TRIGO CAND.;USD;TN;Compraventa;SIO Granos / Secretaría de Agricultura;4;268.93;263.45;246.82;302;2138.67;249.475394;2;-30.898361;
2026;9;2026-09;TRIGO PAN;ARS;TN;Canje;SIO Granos / Secretaría de Agricultura;38;345534.684211;346500;282000;380000;1291.54;350846.81673;5;8.757404;
2026;9;2026-09;TRIGO PAN;ARS;TN;Compraventa;SIO Granos / Secretaría de Agricultura;895;354250.133832;355000;245;560000;155216.35;357470.008791;6;9.324957;
2026;9;2026-09;TRIGO PAN;USD;TN;Canje;SIO Granos / Secretaría de Agricultura;99;240.130202;240;225;265.61;20686.52;240.341278;4;4.872187;
2026;9;2026-09;TRIGO PAN;USD;TN;Compraventa;SIO Granos / Secretaría de Agricultura;1088;240.006305;240;186.85;276;438689.41;240.941817;6;4.347826;
