commodity;moneda;unidad;tipo_precio;año;mes;periodo_ym;precio_mediana;variacion_mensual_pct;estado
ACEITE SOJA;ARS;TN;Compraventa;2026;3;2026-03;1300000;;Sin dato
ACEITE SOJA;USD;TN;Canje;2026;3;2026-03;960;;Sin dato
ACEITE SOJA;USD;TN;Compraventa;2026;3;2026-03;970;;Sin dato
ARROZ C.L.A;ARS;TN;Canje;2026;3;2026-03;380000;;Sin dato
ARROZ C.L.A;ARS;TN;Compraventa;2026;3;2026-03;375000;;Sin dato
ARROZ C.L.F;ARS;TN;Canje;2026;3;2026-03;240000;;Sin dato
ARROZ C.L.F;ARS;TN;Compraventa;2026;3;2026-03;250000;;Sin dato
CEBADA CERV.;USD;TN;Canje;2026;3;2026-03;215;;Sin dato
CEBADA CERV.;USD;TN;Compraventa;2026;3;2026-03;215;;Sin dato
CEBADA FORR.;ARS;TN;Compraventa;2026;3;2026-03;284335;;Sin dato
CEBADA FORR.;USD;TN;Canje;2026;3;2026-03;205;;Sin dato
CEBADA FORR.;USD;TN;Compraventa;2026;3;2026-03;205;;Sin dato
Girasol;ARS;TN;Canje;2026;3;2026-03;533715;;Sin dato
Girasol;ARS;TN;Compraventa;2026;3;2026-03;538745;;Sin dato
Girasol;USD;TN;Canje;2026;3;2026-03;360;;Sin dato
Girasol;USD;TN;Compraventa;2026;3;2026-03;360;;Sin dato
Maíz;ARS;TN;Canje;2026;3;2026-03;243850;;Sin dato
Maíz;ARS;TN;Compraventa;2026;3;2026-03;243150;;Sin dato
Maíz;USD;TN;Canje;2026;3;2026-03;190;;Sin dato
Maíz;USD;TN;Compraventa;2026;3;2026-03;185;;Sin dato
Soja;ARS;TN;Canje;2026;3;2026-03;470000;;Sin dato
Soja;ARS;TN;Compraventa;2026;3;2026-03;475000;;Sin dato
Soja;USD;TN;Canje;2026;3;2026-03;339.68;;Sin dato
Soja;USD;TN;Compraventa;2026;3;2026-03;325;;Sin dato
Sorgo;ARS;TN;Canje;2026;3;2026-03;249971;;Sin dato
Sorgo;ARS;TN;Compraventa;2026;3;2026-03;261500;;Sin dato
Sorgo;USD;TN;Canje;2026;3;2026-03;198;;Sin dato
Sorgo;USD;TN;Compraventa;2026;3;2026-03;190;;Sin dato
TRIGO CAND.;ARS;TN;Compraventa;2026;3;2026-03;278200;;Sin dato
TRIGO CAND.;USD;TN;Compraventa;2026;3;2026-03;210;;Sin dato
TRIGO PAN;ARS;TN;Canje;2026;3;2026-03;253820;;Sin dato
TRIGO PAN;ARS;TN;Compraventa;2026;3;2026-03;255500;;Sin dato
TRIGO PAN;USD;TN;Canje;2026;3;2026-03;200;;Sin dato
TRIGO PAN;USD;TN;Compraventa;2026;3;2026-03;205;;Sin dato
ACEITE SOJA;ARS;TN;Compraventa;2026;4;2026-04;1240000;-4.615385;Estable
ACEITE SOJA;USD;TN;Canje;2026;4;2026-04;980;2.083333;Estable
ACEITE SOJA;USD;TN;Compraventa;2026;4;2026-04;980;1.030928;Estable
ARROZ C.L.A;ARS;TN;Canje;2026;4;2026-04;360000;-5.263158;Baja
ARROZ C.L.A;ARS;TN;Compraventa;2026;4;2026-04;400000;6.666667;Suba moderada
ARROZ C.L.F;ARS;TN;Canje;2026;4;2026-04;240000;0;Estable
ARROZ C.L.F;ARS;TN;Compraventa;2026;4;2026-04;250000;0;Estable
CEBADA CERV.;USD;TN;Canje;2026;4;2026-04;225;4.651163;Estable
CEBADA CERV.;USD;TN;Compraventa;2026;4;2026-04;212;-1.395349;Estable
CEBADA FORR.;ARS;TN;Canje;2026;4;2026-04;225000;;Sin dato
CEBADA FORR.;ARS;TN;Compraventa;2026;4;2026-04;284028;-0.107971;Estable
CEBADA FORR.;USD;TN;Canje;2026;4;2026-04;205;0;Estable
CEBADA FORR.;USD;TN;Compraventa;2026;4;2026-04;205;0;Estable
Girasol;ARS;TN;Canje;2026;4;2026-04;530010;-0.694191;Estable
Girasol;ARS;TN;Compraventa;2026;4;2026-04;543320;0.849196;Estable
Girasol;USD;TN;Canje;2026;4;2026-04;360;0;Estable
Girasol;USD;TN;Compraventa;2026;4;2026-04;360.73;0.202778;Estable
Maíz;ARS;TN;Canje;2026;4;2026-04;248825;2.040189;Estable
Maíz;ARS;TN;Compraventa;2026;4;2026-04;253000;4.050997;Estable
Maíz;USD;TN;Canje;2026;4;2026-04;195.05;2.657895;Estable
Maíz;USD;TN;Compraventa;2026;4;2026-04;187;1.081081;Estable
Soja;ARS;TN;Canje;2026;4;2026-04;430000;-8.510638;Baja
Soja;ARS;TN;Compraventa;2026;4;2026-04;430000;-9.473684;Baja
Soja;USD;TN;Canje;2026;4;2026-04;341.27;0.468088;Estable
Soja;USD;TN;Compraventa;2026;4;2026-04;318;-2.153846;Estable
Sorgo;ARS;TN;Canje;2026;4;2026-04;257000;2.811926;Estable
Sorgo;ARS;TN;Compraventa;2026;4;2026-04;259000;-0.956023;Estable
Sorgo;USD;TN;Canje;2026;4;2026-04;200;1.010101;Estable
Sorgo;USD;TN;Compraventa;2026;4;2026-04;195;2.631579;Estable
TRIGO CAND.;ARS;TN;Canje;2026;4;2026-04;263902.5;;Sin dato
TRIGO CAND.;ARS;TN;Compraventa;2026;4;2026-04;288120;3.56578;Estable
TRIGO CAND.;USD;TN;Compraventa;2026;4;2026-04;193.55;-7.833333;Baja
TRIGO PAN;ARS;TN;Canje;2026;4;2026-04;253440;-0.149712;Estable
TRIGO PAN;ARS;TN;Compraventa;2026;4;2026-04;268000;4.892368;Estable
TRIGO PAN;USD;TN;Canje;2026;4;2026-04;214.915;7.4575;Suba moderada
TRIGO PAN;USD;TN;Compraventa;2026;4;2026-04;215;4.878049;Estable
ACEITE SOJA;ARS;TN;Canje;2026;5;2026-05;1209070;;Sin dato
ACEITE SOJA;ARS;TN;Compraventa;2026;5;2026-05;1265000;2.016129;Estable
ACEITE SOJA;USD;TN;Compraventa;2026;5;2026-05;980;0;Estable
ARROZ C.L.A;ARS;TN;Canje;2026;5;2026-05;360000;0;Estable
ARROZ C.L.A;ARS;TN;Compraventa;2026;5;2026-05;396877;-0.78075;Estable
ARROZ C.L.F;ARS;TN;Canje;2026;5;2026-05;250000;4.166667;Estable
ARROZ C.L.F;ARS;TN;Compraventa;2026;5;2026-05;280000;12;Suba moderada
CEBADA CERV.;USD;TN;Compraventa;2026;5;2026-05;230;8.490566;Suba moderada
CEBADA FORR.;ARS;TN;Compraventa;2026;5;2026-05;288750;1.662512;Estable
CEBADA FORR.;USD;TN;Canje;2026;5;2026-05;207;0.97561;Estable
CEBADA FORR.;USD;TN;Compraventa;2026;5;2026-05;207;0.97561;Estable
Girasol;ARS;TN;Canje;2026;5;2026-05;582770;9.954529;Suba moderada
Girasol;ARS;TN;Compraventa;2026;5;2026-05;582960;7.295885;Suba moderada
Girasol;USD;TN;Canje;2026;5;2026-05;380;5.555556;Suba moderada
Girasol;USD;TN;Compraventa;2026;5;2026-05;380;5.341945;Suba moderada
Maíz;ARS;TN;Canje;2026;5;2026-05;254460;2.264644;Estable
Maíz;ARS;TN;Compraventa;2026;5;2026-05;256926.5;1.551976;Estable
Maíz;USD;TN;Canje;2026;5;2026-05;196.13;0.553704;Estable
Maíz;USD;TN;Compraventa;2026;5;2026-05;190;1.604278;Estable
Soja;ARS;TN;Canje;2026;5;2026-05;451352;4.965581;Estable
Soja;ARS;TN;Compraventa;2026;5;2026-05;458300;6.581395;Suba moderada
Soja;USD;TN;Canje;2026;5;2026-05;352.17;3.193952;Estable
Soja;USD;TN;Compraventa;2026;5;2026-05;320.7;0.849057;Estable
Sorgo;ARS;TN;Canje;2026;5;2026-05;262001;1.945914;Estable
Sorgo;ARS;TN;Compraventa;2026;5;2026-05;273195;5.480695;Suba moderada
Sorgo;USD;TN;Canje;2026;5;2026-05;198;-1;Estable
Sorgo;USD;TN;Compraventa;2026;5;2026-05;198;1.538462;Estable
TRIGO CAND.;ARS;TN;Compraventa;2026;5;2026-05;313752.5;8.896467;Suba moderada
TRIGO CAND.;USD;TN;Compraventa;2026;5;2026-05;235;21.415655;Suba fuerte
TRIGO PAN;ARS;TN;Canje;2026;5;2026-05;291300;14.938447;Suba moderada
TRIGO PAN;ARS;TN;Compraventa;2026;5;2026-05;297345;10.949627;Suba moderada
TRIGO PAN;USD;TN;Canje;2026;5;2026-05;223.8;4.134193;Estable
TRIGO PAN;USD;TN;Compraventa;2026;5;2026-05;225;4.651163;Estable
ACEITE SOJA;ARS;TN;Compraventa;2026;6;2026-06;1260000;-0.395257;Estable
ACEITE SOJA;USD;TN;Compraventa;2026;6;2026-06;960;-2.040816;Estable
ARROZ C.L.A;ARS;TN;Canje;2026;6;2026-06;400000;11.111111;Suba moderada
ARROZ C.L.A;ARS;TN;Compraventa;2026;6;2026-06;400000;0.786894;Estable
ARROZ C.L.F;ARS;TN;Canje;2026;6;2026-06;300000;20;Suba moderada
ARROZ C.L.F;ARS;TN;Compraventa;2026;6;2026-06;287874;2.812143;Estable
CEBADA CERV.;USD;TN;Canje;2026;6;2026-06;232.5;3.333333;Estable
CEBADA CERV.;USD;TN;Compraventa;2026;6;2026-06;210;-8.695652;Baja
CEBADA FORR.;ARS;TN;Canje;2026;6;2026-06;235000;4.444444;Estable
CEBADA FORR.;ARS;TN;Compraventa;2026;6;2026-06;285500;-1.125541;Estable
CEBADA FORR.;USD;TN;Canje;2026;6;2026-06;195;-5.797101;Baja
CEBADA FORR.;USD;TN;Compraventa;2026;6;2026-06;198;-4.347826;Estable
Girasol;ARS;TN;Canje;2026;6;2026-06;595140;2.122621;Estable
Girasol;ARS;TN;Compraventa;2026;6;2026-06;602000;3.26609;Estable
Girasol;USD;TN;Canje;2026;6;2026-06;390;2.631579;Estable
Girasol;USD;TN;Compraventa;2026;6;2026-06;400;5.263158;Suba moderada
Maíz;ARS;TN;Canje;2026;6;2026-06;255600;0.448008;Estable
Maíz;ARS;TN;Compraventa;2026;6;2026-06;257045;0.046122;Estable
Maíz;USD;TN;Canje;2026;6;2026-06;182;-7.204405;Baja
Maíz;USD;TN;Compraventa;2026;6;2026-06;180;-5.263158;Baja
Soja;ARS;TN;Canje;2026;6;2026-06;464332;2.875804;Estable
Soja;ARS;TN;Compraventa;2026;6;2026-06;465000;1.461925;Estable
Soja;USD;TN;Canje;2026;6;2026-06;330.53;-6.14476;Baja
Soja;USD;TN;Compraventa;2026;6;2026-06;315;-1.777362;Estable
Sorgo;ARS;TN;Canje;2026;6;2026-06;267969;2.277854;Estable
Sorgo;ARS;TN;Compraventa;2026;6;2026-06;279000;2.124856;Estable
Sorgo;USD;TN;Canje;2026;6;2026-06;195;-1.515152;Estable
Sorgo;USD;TN;Compraventa;2026;6;2026-06;193;-2.525253;Estable
TRIGO CAND.;ARS;TN;Compraventa;2026;6;2026-06;299300;-4.606338;Estable
TRIGO CAND.;USD;TN;Compraventa;2026;6;2026-06;246.475;4.882979;Estable
TRIGO PAN;ARS;TN;Canje;2026;6;2026-06;295500;1.441813;Estable
TRIGO PAN;ARS;TN;Compraventa;2026;6;2026-06;299000;0.556593;Estable
TRIGO PAN;USD;TN;Canje;2026;6;2026-06;207;-7.506702;Baja
TRIGO PAN;USD;TN;Compraventa;2026;6;2026-06;207;-8;Baja
ACEITE SOJA;ARS;TN;Canje;2026;7;2026-07;1234015;2.063156;Estable
ACEITE SOJA;ARS;TN;Compraventa;2026;7;2026-07;1280000;1.587302;Estable
ACEITE SOJA;USD;TN;Compraventa;2026;7;2026-07;940;-2.083333;Estable
ARROZ C.L.A;ARS;TN;Canje;2026;7;2026-07;400000;0;Estable
ARROZ C.L.A;ARS;TN;Compraventa;2026;7;2026-07;400000;0;Estable
ARROZ C.L.F;ARS;TN;Canje;2026;7;2026-07;300000;0;Estable
ARROZ C.L.F;ARS;TN;Compraventa;2026;7;2026-07;270000;-6.208966;Baja
CEBADA CERV.;ARS;TN;Canje;2026;7;2026-07;300000;;Sin dato
CEBADA CERV.;USD;TN;Canje;2026;7;2026-07;235;1.075269;Estable
CEBADA CERV.;USD;TN;Compraventa;2026;7;2026-07;210;0;Estable
CEBADA FORR.;ARS;TN;Compraventa;2026;7;2026-07;282000;-1.225919;Estable
CEBADA FORR.;USD;TN;Canje;2026;7;2026-07;192;-1.538462;Estable
CEBADA FORR.;USD;TN;Compraventa;2026;7;2026-07;193;-2.525253;Estable
Girasol;ARS;TN;Canje;2026;7;2026-07;658537.5;10.652536;Suba moderada
Girasol;ARS;TN;Compraventa;2026;7;2026-07;662625;10.070598;Suba moderada
Girasol;USD;TN;Canje;2026;7;2026-07;400;2.564103;Estable
Girasol;USD;TN;Compraventa;2026;7;2026-07;408;2;Estable
Maíz;ARS;TN;Canje;2026;7;2026-07;266700;4.342723;Estable
Maíz;ARS;TN;Compraventa;2026;7;2026-07;268920;4.619814;Estable
Maíz;USD;TN;Canje;2026;7;2026-07;192.96;6.021978;Suba moderada
Maíz;USD;TN;Compraventa;2026;7;2026-07;187;3.888889;Estable
Soja;ARS;TN;Canje;2026;7;2026-07;481000;3.589673;Estable
Soja;ARS;TN;Compraventa;2026;7;2026-07;490000;5.376344;Suba moderada
Soja;USD;TN;Canje;2026;7;2026-07;346.05;4.695489;Estable
Soja;USD;TN;Compraventa;2026;7;2026-07;330;4.761905;Estable
Sorgo;ARS;TN;Canje;2026;7;2026-07;266400;-0.585515;Estable
Sorgo;ARS;TN;Compraventa;2026;7;2026-07;266530;-4.469534;Estable
Sorgo;USD;TN;Canje;2026;7;2026-07;183.15;-6.076923;Baja
Sorgo;USD;TN;Compraventa;2026;7;2026-07;180;-6.735751;Baja
TRIGO CAND.;ARS;TN;Compraventa;2026;7;2026-07;314806.5;5.180922;Suba moderada
TRIGO CAND.;USD;TN;Compraventa;2026;7;2026-07;321;30.236332;Suba fuerte
TRIGO PAN;ARS;TN;Canje;2026;7;2026-07;292000;-1.184433;Estable
TRIGO PAN;ARS;TN;Compraventa;2026;7;2026-07;300000;0.334448;Estable
TRIGO PAN;USD;TN;Canje;2026;7;2026-07;220;6.280193;Suba moderada
TRIGO PAN;USD;TN;Compraventa;2026;7;2026-07;220;6.280193;Suba moderada
ACEITE SOJA;ARS;TN;Canje;2026;8;2026-08;1246090;0.978513;Estable
ACEITE SOJA;ARS;TN;Compraventa;2026;8;2026-08;1177900;-7.976562;Baja
ACEITE SOJA;USD;TN;Compraventa;2026;8;2026-08;940;0;Estable
ARROZ C.L.A;ARS;TN;Canje;2026;8;2026-08;400000;0;Estable
ARROZ C.L.A;ARS;TN;Compraventa;2026;8;2026-08;400000;0;Estable
ARROZ C.L.F;ARS;TN;Canje;2026;8;2026-08;300000;0;Estable
ARROZ C.L.F;ARS;TN;Compraventa;2026;8;2026-08;300000;11.111111;Suba moderada
CEBADA CERV.;ARS;TN;Compraventa;2026;8;2026-08;170000;;Sin dato
CEBADA CERV.;USD;TN;Canje;2026;8;2026-08;235;0;Estable
CEBADA CERV.;USD;TN;Compraventa;2026;8;2026-08;235;11.904762;Suba moderada
CEBADA FORR.;ARS;TN;Canje;2026;8;2026-08;225000;-4.255319;Estable
CEBADA FORR.;ARS;TN;Compraventa;2026;8;2026-08;290160;2.893617;Estable
CEBADA FORR.;USD;TN;Canje;2026;8;2026-08;205;6.770833;Suba moderada
CEBADA FORR.;USD;TN;Compraventa;2026;8;2026-08;205;6.217617;Suba moderada
Girasol;ARS;TN;Canje;2026;8;2026-08;736895.5;11.898791;Suba moderada
Girasol;ARS;TN;Compraventa;2026;8;2026-08;728860;9.99585;Suba moderada
Girasol;USD;TN;Canje;2026;8;2026-08;444.6;11.15;Suba moderada
Girasol;USD;TN;Compraventa;2026;8;2026-08;450;10.294118;Suba moderada
Maíz;ARS;TN;Canje;2026;8;2026-08;268020;0.494938;Estable
Maíz;ARS;TN;Compraventa;2026;8;2026-08;271100;0.81065;Estable
Maíz;USD;TN;Canje;2026;8;2026-08;195;1.057214;Estable
Maíz;USD;TN;Compraventa;2026;8;2026-08;194.93;4.240642;Estable
Soja;ARS;TN;Canje;2026;8;2026-08;509850;5.997921;Suba moderada
Soja;ARS;TN;Compraventa;2026;8;2026-08;510000;4.081633;Estable
Soja;USD;TN;Canje;2026;8;2026-08;352;1.719405;Estable
Soja;USD;TN;Compraventa;2026;8;2026-08;349;5.757576;Suba moderada
Sorgo;ARS;TN;Canje;2026;8;2026-08;269265;1.07545;Estable
Sorgo;ARS;TN;Compraventa;2026;8;2026-08;274260;2.900236;Estable
Sorgo;USD;TN;Canje;2026;8;2026-08;185;1.010101;Estable
Sorgo;USD;TN;Compraventa;2026;8;2026-08;185;2.777778;Estable
TRIGO CAND.;ARS;TN;Compraventa;2026;8;2026-08;320200;1.713275;Estable
TRIGO CAND.;USD;TN;Compraventa;2026;8;2026-08;381.25;18.76947;Suba moderada
TRIGO PAN;ARS;TN;Canje;2026;8;2026-08;318599;9.109247;Suba moderada
TRIGO PAN;ARS;TN;Compraventa;2026;8;2026-08;324720;8.24;Suba moderada
TRIGO PAN;USD;TN;Canje;2026;8;2026-08;228.85;4.022727;Estable
TRIGO PAN;USD;TN;Compraventa;2026;8;2026-08;230;4.545455;Estable
ACEITE SOJA;ARS;TN;Compraventa;2026;9;2026-09;1300000;10.365905;Suba moderada
ACEITE SOJA;USD;TN;Compraventa;2026;9;2026-09;955;1.595745;Estable
ARROZ C.L.A;ARS;TN;Compraventa;2026;9;2026-09;460500;15.125;Suba moderada
ARROZ C.L.F;ARS;TN;Compraventa;2026;9;2026-09;350000;16.666667;Suba moderada
CEBADA CERV.;USD;TN;Canje;2026;9;2026-09;215;-8.510638;Baja
CEBADA CERV.;USD;TN;Compraventa;2026;9;2026-09;240;2.12766;Estable
CEBADA FORR.;ARS;TN;Compraventa;2026;9;2026-09;315420;8.705542;Suba moderada
CEBADA FORR.;USD;TN;Canje;2026;9;2026-09;218.9;6.780488;Suba moderada
CEBADA FORR.;USD;TN;Compraventa;2026;9;2026-09;220;7.317073;Suba moderada
Girasol;ARS;TN;Canje;2026;9;2026-09;758880;2.983395;Estable
Girasol;ARS;TN;Compraventa;2026;9;2026-09;749400;2.818099;Estable
Girasol;USD;TN;Canje;2026;9;2026-09;419;-5.757985;Baja
Girasol;USD;TN;Compraventa;2026;9;2026-09;450;0;Estable
Maíz;ARS;TN;Canje;2026;9;2026-09;263800;-1.574509;Estable
Maíz;ARS;TN;Compraventa;2026;9;2026-09;283680;4.640354;Estable
Maíz;USD;TN;Canje;2026;9;2026-09;205.95;5.615385;Suba moderada
Maíz;USD;TN;Compraventa;2026;9;2026-09;200;2.600934;Estable
Soja;ARS;TN;Canje;2026;9;2026-09;559620;9.761695;Suba moderada
Soja;ARS;TN;Compraventa;2026;9;2026-09;560000;9.803922;Suba moderada
Soja;USD;TN;Canje;2026;9;2026-09;365;3.693182;Estable
Soja;USD;TN;Compraventa;2026;9;2026-09;363;4.011461;Estable
Sorgo;ARS;TN;Canje;2026;9;2026-09;272525;1.210703;Estable
Sorgo;ARS;TN;Compraventa;2026;9;2026-09;272600;-0.605265;Estable
Sorgo;USD;TN;Compraventa;2026;9;2026-09;183;-1.081081;Estable
TRIGO CAND.;ARS;TN;Compraventa;2026;9;2026-09;405598;26.670206;Suba fuerte
TRIGO CAND.;USD;TN;Compraventa;2026;9;2026-09;263.45;-30.898361;Baja
TRIGO PAN;ARS;TN;Canje;2026;9;2026-09;346500;8.757404;Suba moderada
TRIGO PAN;ARS;TN;Compraventa;2026;9;2026-09;355000;9.324957;Suba moderada
TRIGO PAN;USD;TN;Canje;2026;9;2026-09;240;4.872187;Estable
TRIGO PAN;USD;TN;Compraventa;2026;9;2026-09;240;4.347826;Estable
