group_id,classification,source_file_duplicate_status,rows,excess_rows,product,price,current_row_references,source_files,source_file_sha256
d9997c436080e25232b784cae1569025062fcd360648a7b528edb6eaccdff450,economic_duplicate,inferred_same_RF_nested_archive_not_byte_verified,2,1,Anana,2333.33,"[69587, 72823]","[""FRUTRAS_AGOSTO-26.zip/RF190826.XLS"", ""FRUTAS_AGOSTO-26 (2).zip/FRUTRAS_AGOSTO-26.zip/RF190826.XLS""]",
a29d1b5020134cafeadb3ad6cf51b6162382ff4dd93403e42b42729fe3804cb4,economic_duplicate,inferred_same_RF_nested_archive_not_byte_verified,2,1,Anana,4666.67,"[69588, 72824]","[""FRUTRAS_AGOSTO-26.zip/RF190826.XLS"", ""FRUTAS_AGOSTO-26 (2).zip/FRUTRAS_AGOSTO-26.zip/RF190826.XLS""]",
d90d657ba9ff16dad879d65e7e12b4f66acc4c46a0aff892d3fbfa4d745b0b1b,economic_duplicate,inferred_same_RF_nested_archive_not_byte_verified,2,1,Anana,3500.0,"[69589, 72825]","[""FRUTRAS_AGOSTO-26.zip/RF190826.XLS"", ""FRUTAS_AGOSTO-26 (2).zip/FRUTRAS_AGOSTO-26.zip/RF190826.XLS""]",
3a4b96f5db7eaa770f2f5f2942ba92bddc591df13f5b6d3c5c502a3b4ad4d671,economic_duplicate,inferred_same_RF_nested_archive_not_byte_verified,2,1,Arandano,12666.7,"[69590, 72826]","[""FRUTRAS_AGOSTO-26.zip/RF190826.XLS"", ""FRUTAS_AGOSTO-26 (2).zip/FRUTRAS_AGOSTO-26.zip/RF190826.XLS""]",
d06730e48afbdf45a6ccc66b33c620e98524de444860e4806487760b0087ecb9,economic_duplicate,inferred_same_RF_nested_archive_not_byte_verified,2,1,Arandano,12000.0,"[69591, 72827]","[""FRUTRAS_AGOSTO-26.zip/RF190826.XLS"", ""FRUTAS_AGOSTO-26 (2).zip/FRUTRAS_AGOSTO-26.zip/RF190826.XLS""]",
e2196cddd256cadcb990a77f5f8c68123b7b32072cfa08fd831d7432fcbbe88c,economic_duplicate,inferred_same_RF_nested_archive_not_byte_verified,2,1,Arandano,12333.4,"[69592, 72828]","[""FRUTRAS_AGOSTO-26.zip/RF190826.XLS"", ""FRUTAS_AGOSTO-26 (2).zip/FRUTRAS_AGOSTO-26.zip/RF190826.XLS""]",
e28bae2715df7ca5d60c304d40700313bee554fd63d67716c3491abc84cecb78,economic_duplicate,inferred_same_RF_nested_archive_not_byte_verified,2,1,Banana,2166.67,"[69593, 72829]","[""FRUTRAS_AGOSTO-26.zip/RF190826.XLS"", ""FRUTAS_AGOSTO-26 (2).zip/FRUTRAS_AGOSTO-26.zip/RF190826.XLS""]",
9f24772d10dca0b4ade1d19eedd5d7f74d97661bf0f8f2266e6f7c0b2feedc30,economic_duplicate,inferred_same_RF_nested_archive_not_byte_verified,2,1,Banana,2700.0,"[69594, 72830]","[""FRUTRAS_AGOSTO-26.zip/RF190826.XLS"", ""FRUTAS_AGOSTO-26 (2).zip/FRUTRAS_AGOSTO-26.zip/RF190826.XLS""]",
5b0e2971da0eabc241b3a7c1e1b8cbbe427aab8d7515adc7d971a7a73f1ffeb0,economic_duplicate,inferred_same_RF_nested_archive_not_byte_verified,2,1,Banana,2500.0,"[69595, 72831]","[""FRUTRAS_AGOSTO-26.zip/RF190826.XLS"", ""FRUTAS_AGOSTO-26 (2).zip/FRUTRAS_AGOSTO-26.zip/RF190826.XLS""]",
d562548e5e659c6a5b2ae2caa5ac9cba5222d1e9d7d15b6a1067e93386b2a6b8,economic_duplicate,inferred_same_RF_nested_archive_not_byte_verified,2,1,Banana,1750.0,"[69596, 72832]","[""FRUTRAS_AGOSTO-26.zip/RF190826.XLS"", ""FRUTAS_AGOSTO-26 (2).zip/FRUTRAS_AGOSTO-26.zip/RF190826.XLS""]",
bfe882e2ae7ceb832ff30ad4c468e55b4a7fb396bab14b9f30b08095f9d15175,economic_duplicate,inferred_same_RF_nested_archive_not_byte_verified,2,1,Banana,954.55,"[69597, 72833]","[""FRUTRAS_AGOSTO-26.zip/RF190826.XLS"", ""FRUTAS_AGOSTO-26 (2).zip/FRUTRAS_AGOSTO-26.zip/RF190826.XLS""]",
a607d04f21c9237f14bd68115dfaac5892f243ce175a18c32e8a4cb6dd7970e1,economic_duplicate,inferred_same_RF_nested_archive_not_byte_verified,2,1,Banana,1181.82,"[69598, 72834]","[""FRUTRAS_AGOSTO-26.zip/RF190826.XLS"", ""FRUTAS_AGOSTO-26 (2).zip/FRUTRAS_AGOSTO-26.zip/RF190826.XLS""]",
fa5410e75bc301838b6f33b35011d104b53c351702799386c2c31dc721bfb3e7,economic_duplicate,inferred_same_RF_nested_archive_not_byte_verified,2,1,Banana,1000.0,"[69599, 72835]","[""FRUTRAS_AGOSTO-26.zip/RF190826.XLS"", ""FRUTAS_AGOSTO-26 (2).zip/FRUTRAS_AGOSTO-26.zip/RF190826.XLS""]",
c05888f9c66a1c72d60cd1ce89656daaf89396f18ce9a7d7da9a31374e9457bb,economic_duplicate,inferred_same_RF_nested_archive_not_byte_verified,2,1,Banana,1750.43,"[69600, 72836]","[""FRUTRAS_AGOSTO-26.zip/RF190826.XLS"", ""FRUTAS_AGOSTO-26 (2).zip/FRUTRAS_AGOSTO-26.zip/RF190826.XLS""]",
f797274d0b8031c860a3ab418676c1685a1e76f9a4eaaac88c3976ee3c5db2aa,economic_duplicate,inferred_same_RF_nested_archive_not_byte_verified,2,1,Ciruela,5777.78,"[69601, 72837]","[""FRUTRAS_AGOSTO-26.zip/RF190826.XLS"", ""FRUTAS_AGOSTO-26 (2).zip/FRUTRAS_AGOSTO-26.zip/RF190826.XLS""]",
8fc97279d076d7ae9285927f28459bf8bdc5fc625038bc289be9384bdaf69add,economic_duplicate,inferred_same_RF_nested_archive_not_byte_verified,2,1,Ciruela,5777.78,"[69602, 72838]","[""FRUTRAS_AGOSTO-26.zip/RF190826.XLS"", ""FRUTAS_AGOSTO-26 (2).zip/FRUTRAS_AGOSTO-26.zip/RF190826.XLS""]",
79a0dc9b15534c2459b255bf7943d79bc4a33dba12edf6e7bcd91dc6acbf39e6,economic_duplicate,inferred_same_RF_nested_archive_not_byte_verified,2,1,Coco,2400.0,"[69603, 72839]","[""FRUTRAS_AGOSTO-26.zip/RF190826.XLS"", ""FRUTAS_AGOSTO-26 (2).zip/FRUTRAS_AGOSTO-26.zip/RF190826.XLS""]",
1e7402121e909be8dd7c730209b65fd8e4abdf68b47d66a8e793163b1b5d0b34,economic_duplicate,inferred_same_RF_nested_archive_not_byte_verified,2,1,Coco,2400.0,"[69604, 72840]","[""FRUTRAS_AGOSTO-26.zip/RF190826.XLS"", ""FRUTAS_AGOSTO-26 (2).zip/FRUTRAS_AGOSTO-26.zip/RF190826.XLS""]",
925444f7e613b20fb41f286e2902420c0ac854855495128ebae7624b9dfe5aff,economic_duplicate,inferred_same_RF_nested_archive_not_byte_verified,2,1,Frutilla,9500.0,"[69605, 72841]","[""FRUTRAS_AGOSTO-26.zip/RF190826.XLS"", ""FRUTAS_AGOSTO-26 (2).zip/FRUTRAS_AGOSTO-26.zip/RF190826.XLS""]",
bcba7dc6b4d91f421b492ca48a39d92095ec73ab866970eb002a55633122f0df,economic_duplicate,inferred_same_RF_nested_archive_not_byte_verified,2,1,Frutilla,7600.0,"[69606, 72842]","[""FRUTRAS_AGOSTO-26.zip/RF190826.XLS"", ""FRUTAS_AGOSTO-26 (2).zip/FRUTRAS_AGOSTO-26.zip/RF190826.XLS""]",
d269458097dbac2dcf756842eabb0167e198fe1747311f737d7f8dcd3d816ad5,economic_duplicate,inferred_same_RF_nested_archive_not_byte_verified,2,1,Frutilla,8500.0,"[69607, 72843]","[""FRUTRAS_AGOSTO-26.zip/RF190826.XLS"", ""FRUTAS_AGOSTO-26 (2).zip/FRUTRAS_AGOSTO-26.zip/RF190826.XLS""]",
6650c49099ced8fae3cbf0309d4034a66d12e7f7edb5f8165c6a459a714ec378,economic_duplicate,inferred_same_RF_nested_archive_not_byte_verified,2,1,Frutilla,6400.0,"[69608, 72844]","[""FRUTRAS_AGOSTO-26.zip/RF190826.XLS"", ""FRUTAS_AGOSTO-26 (2).zip/FRUTRAS_AGOSTO-26.zip/RF190826.XLS""]",
e0a02b2600d17fa7aedb9229466ceb15e4f6c803f8099f3c280e58912223febd,economic_duplicate,inferred_same_RF_nested_archive_not_byte_verified,2,1,Frutilla,9500.0,"[69609, 72845]","[""FRUTRAS_AGOSTO-26.zip/RF190826.XLS"", ""FRUTAS_AGOSTO-26 (2).zip/FRUTRAS_AGOSTO-26.zip/RF190826.XLS""]",
5b5a4ca4bb5d9a02496eb2e8b3e80e8a8a03375857fa8cacf1ee0cef998a3a22,economic_duplicate,inferred_same_RF_nested_archive_not_byte_verified,2,1,Frutilla,8300.0,"[69610, 72846]","[""FRUTRAS_AGOSTO-26.zip/RF190826.XLS"", ""FRUTAS_AGOSTO-26 (2).zip/FRUTRAS_AGOSTO-26.zip/RF190826.XLS""]",
17225ca3e26dd0ae6e682e3edd9d74c806f5346d36cd523b04d1399aef279a6a,economic_duplicate,inferred_same_RF_nested_archive_not_byte_verified,2,1,Kiwi,1900.0,"[69611, 72847]","[""FRUTRAS_AGOSTO-26.zip/RF190826.XLS"", ""FRUTAS_AGOSTO-26 (2).zip/FRUTRAS_AGOSTO-26.zip/RF190826.XLS""]",
d0a71d4641d72750007ad6b0d9e6f9d939523f8fb3f8dddbece215ec61b8cc69,economic_duplicate,inferred_same_RF_nested_archive_not_byte_verified,2,1,Kiwi,4300.0,"[69612, 72848]","[""FRUTRAS_AGOSTO-26.zip/RF190826.XLS"", ""FRUTAS_AGOSTO-26 (2).zip/FRUTRAS_AGOSTO-26.zip/RF190826.XLS""]",
921548eeceea9a06b762b04b97331d2ceefa2e1cef7fe80e4cc4d067830f6dd3,economic_duplicate,inferred_same_RF_nested_archive_not_byte_verified,2,1,Kiwi,3800.0,"[69613, 72849]","[""FRUTRAS_AGOSTO-26.zip/RF190826.XLS"", ""FRUTAS_AGOSTO-26 (2).zip/FRUTRAS_AGOSTO-26.zip/RF190826.XLS""]",
72134cfe0712f9ea114742cf722dd520f69f2a1e57560d512ed79d90a4c0c12e,economic_duplicate,inferred_same_RF_nested_archive_not_byte_verified,2,1,Kiwi,5200.0,"[69614, 72850]","[""FRUTRAS_AGOSTO-26.zip/RF190826.XLS"", ""FRUTAS_AGOSTO-26 (2).zip/FRUTRAS_AGOSTO-26.zip/RF190826.XLS""]",
6d0bf375097f4dab7673593720b6cba367b3e87fb389f298597540af8cf53b86,economic_duplicate,inferred_same_RF_nested_archive_not_byte_verified,2,1,Kiwi,4700.0,"[69615, 72851]","[""FRUTRAS_AGOSTO-26.zip/RF190826.XLS"", ""FRUTAS_AGOSTO-26 (2).zip/FRUTRAS_AGOSTO-26.zip/RF190826.XLS""]",
bbd891ae39f671fa5bd4f2da787e614e5885afe3a098d1aacfec4f0e7b9397a0,economic_duplicate,inferred_same_RF_nested_archive_not_byte_verified,2,1,Kiwi,3980.0,"[69616, 72852]","[""FRUTRAS_AGOSTO-26.zip/RF190826.XLS"", ""FRUTAS_AGOSTO-26 (2).zip/FRUTRAS_AGOSTO-26.zip/RF190826.XLS""]",
8fcf35dabbda730177531423b8600a3c60b1c5e002a5680745204bf50172d92d,economic_duplicate,inferred_same_RF_nested_archive_not_byte_verified,2,1,Kumquat,2800.0,"[69617, 72853]","[""FRUTRAS_AGOSTO-26.zip/RF190826.XLS"", ""FRUTAS_AGOSTO-26 (2).zip/FRUTRAS_AGOSTO-26.zip/RF190826.XLS""]",
c4075f96d025e7c46da74d3637d43c502565bf2f8344f018991045b4aec1ecb4,economic_duplicate,inferred_same_RF_nested_archive_not_byte_verified,2,1,Kumquat,2750.0,"[69618, 72854]","[""FRUTRAS_AGOSTO-26.zip/RF190826.XLS"", ""FRUTAS_AGOSTO-26 (2).zip/FRUTRAS_AGOSTO-26.zip/RF190826.XLS""]",
66365702395b0afc9f813d0d76c16158ed2ff8dde7d4868adb66734be471e8e9,economic_duplicate,inferred_same_RF_nested_archive_not_byte_verified,2,1,Kumquat,2775.0,"[69619, 72855]","[""FRUTRAS_AGOSTO-26.zip/RF190826.XLS"", ""FRUTAS_AGOSTO-26 (2).zip/FRUTRAS_AGOSTO-26.zip/RF190826.XLS""]",
21024cfe37f095c7ceafe9dcf864bc8721a62a3fe59996007f201a153d1af944,economic_duplicate,inferred_same_RF_nested_archive_not_byte_verified,2,1,Lima,2400.0,"[69620, 72856]","[""FRUTRAS_AGOSTO-26.zip/RF190826.XLS"", ""FRUTAS_AGOSTO-26 (2).zip/FRUTRAS_AGOSTO-26.zip/RF190826.XLS""]",
39b4ca79168a3b9275ad9e251fcebb725044de8e1adac2e08ad8ee45dd2e9b6e,economic_duplicate,inferred_same_RF_nested_archive_not_byte_verified,2,1,Lima,2400.0,"[69621, 72857]","[""FRUTRAS_AGOSTO-26.zip/RF190826.XLS"", ""FRUTAS_AGOSTO-26 (2).zip/FRUTRAS_AGOSTO-26.zip/RF190826.XLS""]",
8282e52c2f42e88caaececa0bab09939b86fb9d447db07aca382d132577fd3cb,economic_duplicate,inferred_same_RF_nested_archive_not_byte_verified,2,1,Limon,555.56,"[69622, 72858]","[""FRUTRAS_AGOSTO-26.zip/RF190826.XLS"", ""FRUTAS_AGOSTO-26 (2).zip/FRUTRAS_AGOSTO-26.zip/RF190826.XLS""]",
940a736292ed3600d3074f0d59cab25a216074fbb99ea8b05ca65a12f972adb0,economic_duplicate,inferred_same_RF_nested_archive_not_byte_verified,2,1,Limon,764.71,"[69623, 72859]","[""FRUTRAS_AGOSTO-26.zip/RF190826.XLS"", ""FRUTAS_AGOSTO-26 (2).zip/FRUTRAS_AGOSTO-26.zip/RF190826.XLS""]",
93ba99291d055f0fc972e11148d4a19038de0e75e2718428625503cd1185debf,economic_duplicate,inferred_same_RF_nested_archive_not_byte_verified,2,1,Limon,785.71,"[69624, 72860]","[""FRUTRAS_AGOSTO-26.zip/RF190826.XLS"", ""FRUTAS_AGOSTO-26 (2).zip/FRUTRAS_AGOSTO-26.zip/RF190826.XLS""]",
ebf66da8d63f99ddf6370bf4374a1c0da5c9e44560e60a583b331c9ddef8efb7,economic_duplicate,inferred_same_RF_nested_archive_not_byte_verified,2,1,Limon,666.67,"[69625, 72861]","[""FRUTRAS_AGOSTO-26.zip/RF190826.XLS"", ""FRUTAS_AGOSTO-26 (2).zip/FRUTRAS_AGOSTO-26.zip/RF190826.XLS""]",
936556095f61a0c13defb3e6c6db0e7496d7a3b9c04a2ef8ebe89d9a9681a3ef,economic_duplicate,inferred_same_RF_nested_archive_not_byte_verified,2,1,Limon,611.11,"[69626, 72862]","[""FRUTRAS_AGOSTO-26.zip/RF190826.XLS"", ""FRUTAS_AGOSTO-26 (2).zip/FRUTRAS_AGOSTO-26.zip/RF190826.XLS""]",
93170a0615194795e124dcf52b9c0c3cb9aea1367128cc50bc0e8f7cbada40c2,economic_duplicate,inferred_same_RF_nested_archive_not_byte_verified,2,1,Limon,555.56,"[69627, 72863]","[""FRUTRAS_AGOSTO-26.zip/RF190826.XLS"", ""FRUTAS_AGOSTO-26 (2).zip/FRUTRAS_AGOSTO-26.zip/RF190826.XLS""]",
84adcc24e2f1dc000477690550805cea48ba83c4222b66c060c4a053400fb131,economic_duplicate,inferred_same_RF_nested_archive_not_byte_verified,2,1,Limon,656.55,"[69628, 72864]","[""FRUTRAS_AGOSTO-26.zip/RF190826.XLS"", ""FRUTAS_AGOSTO-26 (2).zip/FRUTRAS_AGOSTO-26.zip/RF190826.XLS""]",
0130e257f4f7c08828098401e2dabec19e6162022f7e64889fbe0bba616736f8,economic_duplicate,inferred_same_RF_nested_archive_not_byte_verified,2,1,Mandarina,611.11,"[69629, 72865]","[""FRUTRAS_AGOSTO-26.zip/RF190826.XLS"", ""FRUTAS_AGOSTO-26 (2).zip/FRUTRAS_AGOSTO-26.zip/RF190826.XLS""]",
a931ca46b418c471c8f427d607a29620137c8f4f25623661a3321ddd06414b42,economic_duplicate,inferred_same_RF_nested_archive_not_byte_verified,2,1,Mandarina,666.67,"[69630, 72866]","[""FRUTRAS_AGOSTO-26.zip/RF190826.XLS"", ""FRUTAS_AGOSTO-26 (2).zip/FRUTRAS_AGOSTO-26.zip/RF190826.XLS""]",
e0834f5c36e7cd21d886f3acae71fab259090b98f0a09682e70c9cb68667ebca,economic_duplicate,inferred_same_RF_nested_archive_not_byte_verified,2,1,Mandarina,555.56,"[69631, 72867]","[""FRUTRAS_AGOSTO-26.zip/RF190826.XLS"", ""FRUTAS_AGOSTO-26 (2).zip/FRUTRAS_AGOSTO-26.zip/RF190826.XLS""]",
1d65b5f05bb466c4d8ebd1878281cb0e73dddea295ff982aef940db4f2f07e8b,economic_duplicate,inferred_same_RF_nested_archive_not_byte_verified,2,1,Mandarina,555.56,"[69632, 72868]","[""FRUTRAS_AGOSTO-26.zip/RF190826.XLS"", ""FRUTAS_AGOSTO-26 (2).zip/FRUTRAS_AGOSTO-26.zip/RF190826.XLS""]",
a4fc42034ddbbeec46c7839bf210f000053b30da7ab5eabca48f36ab59dc0955,economic_duplicate,inferred_same_RF_nested_archive_not_byte_verified,2,1,Mandarina,722.22,"[69633, 72869]","[""FRUTRAS_AGOSTO-26.zip/RF190826.XLS"", ""FRUTAS_AGOSTO-26 (2).zip/FRUTRAS_AGOSTO-26.zip/RF190826.XLS""]",
d40706e2093f2a87e82aec20157e12bad6dcfdd3779b0e7d298e004ffd9c2e09,economic_duplicate,inferred_same_RF_nested_archive_not_byte_verified,2,1,Mandarina,611.11,"[69634, 72870]","[""FRUTRAS_AGOSTO-26.zip/RF190826.XLS"", ""FRUTAS_AGOSTO-26 (2).zip/FRUTRAS_AGOSTO-26.zip/RF190826.XLS""]",
d1862a03a75da8d9a3ff6cd1319019a78e4ed309cec7ef77739ba19d1e4c3ff0,economic_duplicate,inferred_same_RF_nested_archive_not_byte_verified,2,1,Mandarina,611.11,"[69635, 72871]","[""FRUTRAS_AGOSTO-26.zip/RF190826.XLS"", ""FRUTAS_AGOSTO-26 (2).zip/FRUTRAS_AGOSTO-26.zip/RF190826.XLS""]",
0d29c5ea6002b404ed995623e23d333f065cd69891159406d2875026827d705a,economic_duplicate,inferred_same_RF_nested_archive_not_byte_verified,2,1,Mandarina,777.78,"[69636, 72872]","[""FRUTRAS_AGOSTO-26.zip/RF190826.XLS"", ""FRUTAS_AGOSTO-26 (2).zip/FRUTRAS_AGOSTO-26.zip/RF190826.XLS""]",
84d25d5b7af1ea0acd936aa57b95f605d7cce1df4822a2e3a0b521a49287aa4c,economic_duplicate,inferred_same_RF_nested_archive_not_byte_verified,2,1,Mandarina,444.44,"[69637, 72873]","[""FRUTRAS_AGOSTO-26.zip/RF190826.XLS"", ""FRUTAS_AGOSTO-26 (2).zip/FRUTRAS_AGOSTO-26.zip/RF190826.XLS""]",
995ba88e4781911e4b3ccc6eedbe0c7655c33c7113a8b3ea158ec1baa8c70ced,economic_duplicate,inferred_same_RF_nested_archive_not_byte_verified,2,1,Mandarina,500.0,"[69638, 72874]","[""FRUTRAS_AGOSTO-26.zip/RF190826.XLS"", ""FRUTAS_AGOSTO-26 (2).zip/FRUTRAS_AGOSTO-26.zip/RF190826.XLS""]",
bb17f16207968692ae20156dd9efe3f91bccb97c4445ea008b194bbf621834b4,economic_duplicate,inferred_same_RF_nested_archive_not_byte_verified,2,1,Mandarina,605.56,"[69639, 72875]","[""FRUTRAS_AGOSTO-26.zip/RF190826.XLS"", ""FRUTAS_AGOSTO-26 (2).zip/FRUTRAS_AGOSTO-26.zip/RF190826.XLS""]",
0469b095806681df079f6c1db3b862a056114b3707ff6a463bafe67f07b69729,economic_duplicate,inferred_same_RF_nested_archive_not_byte_verified,2,1,Mango,3500.0,"[69640, 72876]","[""FRUTRAS_AGOSTO-26.zip/RF190826.XLS"", ""FRUTAS_AGOSTO-26 (2).zip/FRUTRAS_AGOSTO-26.zip/RF190826.XLS""]",
396cdbfce69c5f8a54b7a60fae1cdaee14a3820868d5166d57a77367c7384130,economic_duplicate,inferred_same_RF_nested_archive_not_byte_verified,2,1,Mango,2055.56,"[69641, 72877]","[""FRUTRAS_AGOSTO-26.zip/RF190826.XLS"", ""FRUTAS_AGOSTO-26 (2).zip/FRUTRAS_AGOSTO-26.zip/RF190826.XLS""]",
f33d9e4a50f12a63dd5a046fdb243c39e2594fbb68cdfdf67c7eb3a19ded8621,economic_duplicate,inferred_same_RF_nested_archive_not_byte_verified,2,1,Mango,2777.78,"[69642, 72878]","[""FRUTRAS_AGOSTO-26.zip/RF190826.XLS"", ""FRUTAS_AGOSTO-26 (2).zip/FRUTRAS_AGOSTO-26.zip/RF190826.XLS""]",
c3a6c8c929068cbab53b0a6291b261bd2df57a9ad0ad718298ee75bc80a0f763,economic_duplicate,inferred_same_RF_nested_archive_not_byte_verified,2,1,Manzana,2055.56,"[69643, 72879]","[""FRUTRAS_AGOSTO-26.zip/RF190826.XLS"", ""FRUTAS_AGOSTO-26 (2).zip/FRUTRAS_AGOSTO-26.zip/RF190826.XLS""]",
9dff2dd1431bc54f61faa3c294e242e9c7b3a4fe7075fb56918792b543ca7aca,economic_duplicate,inferred_same_RF_nested_archive_not_byte_verified,2,1,Manzana,1833.33,"[69644, 72880]","[""FRUTRAS_AGOSTO-26.zip/RF190826.XLS"", ""FRUTAS_AGOSTO-26 (2).zip/FRUTRAS_AGOSTO-26.zip/RF190826.XLS""]",
b8ba6b5997457d52e2e1e958f8296b9087db33f851f3323e234b6a395975e3c3,economic_duplicate,inferred_same_RF_nested_archive_not_byte_verified,2,1,Manzana,3555.56,"[69645, 72881]","[""FRUTRAS_AGOSTO-26.zip/RF190826.XLS"", ""FRUTAS_AGOSTO-26 (2).zip/FRUTRAS_AGOSTO-26.zip/RF190826.XLS""]",
ca38b672762272c05110bb643a71ea91bbbd9647c153ed0ab94fdaeffd082589,economic_duplicate,inferred_same_RF_nested_archive_not_byte_verified,2,1,Manzana,3200.0,"[69646, 72882]","[""FRUTRAS_AGOSTO-26.zip/RF190826.XLS"", ""FRUTAS_AGOSTO-26 (2).zip/FRUTRAS_AGOSTO-26.zip/RF190826.XLS""]",
f0fbb131301b8f0ede4cf1087f251d2b887b3ea49df1210843bbf41b041b87e2,economic_duplicate,inferred_same_RF_nested_archive_not_byte_verified,2,1,Manzana,3055.56,"[69647, 72883]","[""FRUTRAS_AGOSTO-26.zip/RF190826.XLS"", ""FRUTAS_AGOSTO-26 (2).zip/FRUTRAS_AGOSTO-26.zip/RF190826.XLS""]",
cfbaa48091be1b5063d3f9f69c3daf5a11b25b1383cd5cfba5cbb372de433389,economic_duplicate,inferred_same_RF_nested_archive_not_byte_verified,2,1,Manzana,2333.33,"[69648, 72884]","[""FRUTRAS_AGOSTO-26.zip/RF190826.XLS"", ""FRUTAS_AGOSTO-26 (2).zip/FRUTRAS_AGOSTO-26.zip/RF190826.XLS""]",
a5f15b23b52d0ea1e127d433b54e29fc069a9cf03f2bc88385ca30f9b177dd10,economic_duplicate,inferred_same_RF_nested_archive_not_byte_verified,2,1,Manzana,2111.11,"[69649, 72885]","[""FRUTRAS_AGOSTO-26.zip/RF190826.XLS"", ""FRUTAS_AGOSTO-26 (2).zip/FRUTRAS_AGOSTO-26.zip/RF190826.XLS""]",
aad1119f25d2f46ccd934a085c74ca84f722503498ecca63e0466da54602e1d2,economic_duplicate,inferred_same_RF_nested_archive_not_byte_verified,2,1,Manzana,1777.78,"[69650, 72886]","[""FRUTRAS_AGOSTO-26.zip/RF190826.XLS"", ""FRUTAS_AGOSTO-26 (2).zip/FRUTRAS_AGOSTO-26.zip/RF190826.XLS""]",
b0bd885f22f5c7dcaf992518ec9286f52d4842bc57caabd04251a7963141d8db,economic_duplicate,inferred_same_RF_nested_archive_not_byte_verified,2,1,Manzana,1666.67,"[69651, 72887]","[""FRUTRAS_AGOSTO-26.zip/RF190826.XLS"", ""FRUTAS_AGOSTO-26 (2).zip/FRUTRAS_AGOSTO-26.zip/RF190826.XLS""]",
a1b5ea89cd332c8b91dc813bbe6627c0f71828e8797043496c25f88edfb43b08,economic_duplicate,inferred_same_RF_nested_archive_not_byte_verified,2,1,Manzana,3666.67,"[69652, 72888]","[""FRUTRAS_AGOSTO-26.zip/RF190826.XLS"", ""FRUTAS_AGOSTO-26 (2).zip/FRUTRAS_AGOSTO-26.zip/RF190826.XLS""]",
3054ba54bf3e145e164f638a5b319e18fa284498724e8d2d688c49155b881189,economic_duplicate,inferred_same_RF_nested_archive_not_byte_verified,2,1,Manzana,3200.0,"[69653, 72889]","[""FRUTRAS_AGOSTO-26.zip/RF190826.XLS"", ""FRUTAS_AGOSTO-26 (2).zip/FRUTRAS_AGOSTO-26.zip/RF190826.XLS""]",
8e4587cf57e04baed246e1506642b1766b702ed5792559ef5d33cc6ae7c58a49,economic_duplicate,inferred_same_RF_nested_archive_not_byte_verified,2,1,Manzana,1611.11,"[69654, 72890]","[""FRUTRAS_AGOSTO-26.zip/RF190826.XLS"", ""FRUTAS_AGOSTO-26 (2).zip/FRUTRAS_AGOSTO-26.zip/RF190826.XLS""]",
2ab3cebceddbf3486e4030e522c596cd40d43a4600e7c41c9746f78a2884ca35,economic_duplicate,inferred_same_RF_nested_archive_not_byte_verified,2,1,Manzana,1833.33,"[69655, 72891]","[""FRUTRAS_AGOSTO-26.zip/RF190826.XLS"", ""FRUTAS_AGOSTO-26 (2).zip/FRUTRAS_AGOSTO-26.zip/RF190826.XLS""]",
c4002c642b7ecb8e76b5c063ef20f8ecf4893d48d7b5738c8f3c391f2c534d3f,economic_duplicate,inferred_same_RF_nested_archive_not_byte_verified,2,1,Manzana,2166.67,"[69656, 72892]","[""FRUTRAS_AGOSTO-26.zip/RF190826.XLS"", ""FRUTAS_AGOSTO-26 (2).zip/FRUTRAS_AGOSTO-26.zip/RF190826.XLS""]",
5856c580aaef21f55b6463b6f181a8defad76ff26d86c32a8f0e39582fc9d6f8,economic_duplicate,inferred_same_RF_nested_archive_not_byte_verified,2,1,Manzana,2888.89,"[69657, 72893]","[""FRUTRAS_AGOSTO-26.zip/RF190826.XLS"", ""FRUTAS_AGOSTO-26 (2).zip/FRUTRAS_AGOSTO-26.zip/RF190826.XLS""]",
166b37827ca828143581b1630965f9657fc8c378cdb32e6284d85a86b8487453,economic_duplicate,inferred_same_RF_nested_archive_not_byte_verified,2,1,Manzana,2277.78,"[69658, 72894]","[""FRUTRAS_AGOSTO-26.zip/RF190826.XLS"", ""FRUTAS_AGOSTO-26 (2).zip/FRUTRAS_AGOSTO-26.zip/RF190826.XLS""]",
2eaf970de07c928ffa298ae00f46ae061e8f79add08e9a3ccc96235287a34118,economic_duplicate,inferred_same_RF_nested_archive_not_byte_verified,2,1,Manzana,2055.56,"[69659, 72895]","[""FRUTRAS_AGOSTO-26.zip/RF190826.XLS"", ""FRUTAS_AGOSTO-26 (2).zip/FRUTRAS_AGOSTO-26.zip/RF190826.XLS""]",
7e11b26c0d4eb7670286336dd1bfa812b7b0143e9dfd6d6c3074a185a4399206,economic_duplicate,inferred_same_RF_nested_archive_not_byte_verified,2,1,Manzana,3166.67,"[69660, 72896]","[""FRUTRAS_AGOSTO-26.zip/RF190826.XLS"", ""FRUTAS_AGOSTO-26 (2).zip/FRUTRAS_AGOSTO-26.zip/RF190826.XLS""]",
50b15be2ccf3e57fd2a4420ef407b73ab36dddeccb4550871e2ba0864a8db522,economic_duplicate,inferred_same_RF_nested_archive_not_byte_verified,2,1,Manzana,1722.22,"[69661, 72897]","[""FRUTRAS_AGOSTO-26.zip/RF190826.XLS"", ""FRUTAS_AGOSTO-26 (2).zip/FRUTRAS_AGOSTO-26.zip/RF190826.XLS""]",
05162e4b68e5e748a23632c3d39dc753527ae4392faa08466548f342e3c8a4e7,economic_duplicate,inferred_same_RF_nested_archive_not_byte_verified,2,1,Manzana,1500.0,"[69662, 72898]","[""FRUTRAS_AGOSTO-26.zip/RF190826.XLS"", ""FRUTAS_AGOSTO-26 (2).zip/FRUTRAS_AGOSTO-26.zip/RF190826.XLS""]",
1e8e0a69e534e39998368b25fc2ccdf0270bbfe2bb2d93e8782adc564c3751fb,economic_duplicate,inferred_same_RF_nested_archive_not_byte_verified,2,1,Manzana,1777.78,"[69663, 72899]","[""FRUTRAS_AGOSTO-26.zip/RF190826.XLS"", ""FRUTAS_AGOSTO-26 (2).zip/FRUTRAS_AGOSTO-26.zip/RF190826.XLS""]",
d66f398b5e116503015253aa9b46799d05a5d9866668f9c014a30db6137bc58c,economic_duplicate,inferred_same_RF_nested_archive_not_byte_verified,2,1,Manzana,2500.0,"[69664, 72900]","[""FRUTRAS_AGOSTO-26.zip/RF190826.XLS"", ""FRUTAS_AGOSTO-26 (2).zip/FRUTRAS_AGOSTO-26.zip/RF190826.XLS""]",
69de43a551f799a58cfaaefeed8de002583654c18070796f400988538ce44c94,economic_duplicate,inferred_same_RF_nested_archive_not_byte_verified,2,1,Manzana,2222.22,"[69665, 72901]","[""FRUTRAS_AGOSTO-26.zip/RF190826.XLS"", ""FRUTAS_AGOSTO-26 (2).zip/FRUTRAS_AGOSTO-26.zip/RF190826.XLS""]",
c280b645de61c9a31448134f2787771f36ab8da16c259418364bdb3855d8430b,economic_duplicate,inferred_same_RF_nested_archive_not_byte_verified,2,1,Manzana,2355.56,"[69666, 72902]","[""FRUTRAS_AGOSTO-26.zip/RF190826.XLS"", ""FRUTAS_AGOSTO-26 (2).zip/FRUTRAS_AGOSTO-26.zip/RF190826.XLS""]",
11b40742e75995cf8b016e758e1b28d52851584ed3427c153120d1b5d9ef06da,economic_duplicate,inferred_same_RF_nested_archive_not_byte_verified,2,1,Melon,2750.0,"[69667, 72903]","[""FRUTRAS_AGOSTO-26.zip/RF190826.XLS"", ""FRUTAS_AGOSTO-26 (2).zip/FRUTRAS_AGOSTO-26.zip/RF190826.XLS""]",
e9034a6ca03c1b9f9852c2b6e938186ec874d6bd06e0d7ce70ff23e079eafc7c,economic_duplicate,inferred_same_RF_nested_archive_not_byte_verified,2,1,Melon,3700.0,"[69668, 72904]","[""FRUTRAS_AGOSTO-26.zip/RF190826.XLS"", ""FRUTAS_AGOSTO-26 (2).zip/FRUTRAS_AGOSTO-26.zip/RF190826.XLS""]",
9bc9c32a362cfd7cd4ecb532486aed211d02be5cb3001f4f4289d98ee0843fc6,economic_duplicate,inferred_same_RF_nested_archive_not_byte_verified,2,1,Melon,3225.0,"[69669, 72905]","[""FRUTRAS_AGOSTO-26.zip/RF190826.XLS"", ""FRUTAS_AGOSTO-26 (2).zip/FRUTRAS_AGOSTO-26.zip/RF190826.XLS""]",
5c307360b5e12c211dce33188dc31a7bacb8a3454e15fd5a8c547eea06763999,economic_duplicate,inferred_same_RF_nested_archive_not_byte_verified,2,1,Membrillo,2500.0,"[69670, 72906]","[""FRUTRAS_AGOSTO-26.zip/RF190826.XLS"", ""FRUTAS_AGOSTO-26 (2).zip/FRUTRAS_AGOSTO-26.zip/RF190826.XLS""]",
86b53a06d3ffd24dc3f51f211ff9d8dc04076413cf47f5494965dc9c4d8fa4bb,economic_duplicate,inferred_same_RF_nested_archive_not_byte_verified,2,1,Membrillo,2500.0,"[69671, 72907]","[""FRUTRAS_AGOSTO-26.zip/RF190826.XLS"", ""FRUTAS_AGOSTO-26 (2).zip/FRUTRAS_AGOSTO-26.zip/RF190826.XLS""]",
d8a13722e3517eef1ac89652b9f0076ff2ac95099877d755af76d4cc2d0f9085,economic_duplicate,inferred_same_RF_nested_archive_not_byte_verified,2,1,Naranja,611.11,"[69672, 72908]","[""FRUTRAS_AGOSTO-26.zip/RF190826.XLS"", ""FRUTAS_AGOSTO-26 (2).zip/FRUTRAS_AGOSTO-26.zip/RF190826.XLS""]",
8caaef8549d1960fa997ed8852ec64980ff8b3cda49610a197e6f38318380b0b,economic_duplicate,inferred_same_RF_nested_archive_not_byte_verified,2,1,Naranja,722.22,"[69673, 72909]","[""FRUTRAS_AGOSTO-26.zip/RF190826.XLS"", ""FRUTAS_AGOSTO-26 (2).zip/FRUTRAS_AGOSTO-26.zip/RF190826.XLS""]",
b27b1a38b7a9643eeca5643e353d2c9c7a3bf85cd420729c7e70c79ec7f9d5d2,economic_duplicate,inferred_same_RF_nested_archive_not_byte_verified,2,1,Naranja,500.0,"[69674, 72910]","[""FRUTRAS_AGOSTO-26.zip/RF190826.XLS"", ""FRUTAS_AGOSTO-26 (2).zip/FRUTRAS_AGOSTO-26.zip/RF190826.XLS""]",
4bbd2dc5c39d7b1e5f2510fe0d858a94ea0ec459b48d17687128e716d5555547,economic_duplicate,inferred_same_RF_nested_archive_not_byte_verified,2,1,Naranja,611.11,"[69675, 72911]","[""FRUTRAS_AGOSTO-26.zip/RF190826.XLS"", ""FRUTAS_AGOSTO-26 (2).zip/FRUTRAS_AGOSTO-26.zip/RF190826.XLS""]",
9858fd29f84eabdb1fb1b50583546d9d0235c6257e1862ef199f76e31af6bbd8,economic_duplicate,inferred_same_RF_nested_archive_not_byte_verified,2,1,Naranja,555.56,"[69676, 72912]","[""FRUTRAS_AGOSTO-26.zip/RF190826.XLS"", ""FRUTAS_AGOSTO-26 (2).zip/FRUTRAS_AGOSTO-26.zip/RF190826.XLS""]",
eee5b15b251b98b2d35d04e74d7a27587188a8022165aa8d8ce3bb2368576392,economic_duplicate,inferred_same_RF_nested_archive_not_byte_verified,2,1,Naranja,777.78,"[69677, 72913]","[""FRUTRAS_AGOSTO-26.zip/RF190826.XLS"", ""FRUTAS_AGOSTO-26 (2).zip/FRUTRAS_AGOSTO-26.zip/RF190826.XLS""]",
eec7f86b4429a4a5e3d9af4fa3c3d7ab3a5b8136181ff8228563be8d2e939a9d,economic_duplicate,inferred_same_RF_nested_archive_not_byte_verified,2,1,Naranja,629.63,"[69678, 72914]","[""FRUTRAS_AGOSTO-26.zip/RF190826.XLS"", ""FRUTAS_AGOSTO-26 (2).zip/FRUTRAS_AGOSTO-26.zip/RF190826.XLS""]",
466a50da7fb5479e0a0e79b92c638906971c0820daa69ffef7490367fce3159c,economic_duplicate,inferred_same_RF_nested_archive_not_byte_verified,2,1,Nuez,7800.0,"[69679, 72915]","[""FRUTRAS_AGOSTO-26.zip/RF190826.XLS"", ""FRUTAS_AGOSTO-26 (2).zip/FRUTRAS_AGOSTO-26.zip/RF190826.XLS""]",
5c9ce34ec40a16676029da6b6addde162871a26c83666ee627d2ccc926cc5d9b,economic_duplicate,inferred_same_RF_nested_archive_not_byte_verified,2,1,Nuez,7800.0,"[69680, 72916]","[""FRUTRAS_AGOSTO-26.zip/RF190826.XLS"", ""FRUTAS_AGOSTO-26 (2).zip/FRUTRAS_AGOSTO-26.zip/RF190826.XLS""]",
9952e7f4bcd9a71462087a67dc63f607dffb8d50bae4dbe738ba01a34cee7296,economic_duplicate,inferred_same_RF_nested_archive_not_byte_verified,2,1,Palta,4727.27,"[69681, 72917]","[""FRUTRAS_AGOSTO-26.zip/RF190826.XLS"", ""FRUTAS_AGOSTO-26 (2).zip/FRUTRAS_AGOSTO-26.zip/RF190826.XLS""]",
aaf78a851e9395fa81b3b85676902b185459d320cd497463b42600d5404828fa,economic_duplicate,inferred_same_RF_nested_archive_not_byte_verified,2,1,Palta,4363.64,"[69682, 72918]","[""FRUTRAS_AGOSTO-26.zip/RF190826.XLS"", ""FRUTAS_AGOSTO-26 (2).zip/FRUTRAS_AGOSTO-26.zip/RF190826.XLS""]",
1549ec63ba212f1da50a1c4908d71495548623c5b4735e2d6986079948f067cc,economic_duplicate,inferred_same_RF_nested_archive_not_byte_verified,2,1,Palta,8800.0,"[69683, 72919]","[""FRUTRAS_AGOSTO-26.zip/RF190826.XLS"", ""FRUTAS_AGOSTO-26 (2).zip/FRUTRAS_AGOSTO-26.zip/RF190826.XLS""]",
fac647b371c6b09815a45c25e0f4cd6edc26914669a07abe24b5f2cdd1693330,economic_duplicate,inferred_same_RF_nested_archive_not_byte_verified,2,1,Palta,7454.55,"[69684, 72920]","[""FRUTRAS_AGOSTO-26.zip/RF190826.XLS"", ""FRUTAS_AGOSTO-26 (2).zip/FRUTRAS_AGOSTO-26.zip/RF190826.XLS""]",
56f79df2f624de180d1f3e1e05f76431cd1d6587ff19ed7facda130839d8663d,economic_duplicate,inferred_same_RF_nested_archive_not_byte_verified,2,1,Palta,3800.0,"[69685, 72921]","[""FRUTRAS_AGOSTO-26.zip/RF190826.XLS"", ""FRUTAS_AGOSTO-26 (2).zip/FRUTRAS_AGOSTO-26.zip/RF190826.XLS""]",
0f41c68ef3f3588a35680b1c5e18cc468b7339feb5cf242849270889da164a2a,economic_duplicate,inferred_same_RF_nested_archive_not_byte_verified,2,1,Palta,4300.0,"[69686, 72922]","[""FRUTRAS_AGOSTO-26.zip/RF190826.XLS"", ""FRUTAS_AGOSTO-26 (2).zip/FRUTRAS_AGOSTO-26.zip/RF190826.XLS""]",
c708d1d689c35225a5ad5aa34f8be0728126a16f44d1f93a22585a2bed567695,economic_duplicate,inferred_same_RF_nested_archive_not_byte_verified,2,1,Palta,5090.91,"[69687, 72923]","[""FRUTRAS_AGOSTO-26.zip/RF190826.XLS"", ""FRUTAS_AGOSTO-26 (2).zip/FRUTRAS_AGOSTO-26.zip/RF190826.XLS""]",
ed36d9a7cab7fab4b01a3afa58a1626a748ad785be2d6bf6191a8c8f917cbdb5,economic_duplicate,inferred_same_RF_nested_archive_not_byte_verified,2,1,Palta,4181.82,"[69688, 72924]","[""FRUTRAS_AGOSTO-26.zip/RF190826.XLS"", ""FRUTAS_AGOSTO-26 (2).zip/FRUTRAS_AGOSTO-26.zip/RF190826.XLS""]",
ae17a58f3db0d9832491f056e5b96278cac97d2edeeae9888eb9ba4c09542363,economic_duplicate,inferred_same_RF_nested_archive_not_byte_verified,2,1,Palta,4200.0,"[69689, 72925]","[""FRUTRAS_AGOSTO-26.zip/RF190826.XLS"", ""FRUTAS_AGOSTO-26 (2).zip/FRUTRAS_AGOSTO-26.zip/RF190826.XLS""]",
ce56bcb8a522d4c2d0362769f20a35035dccc6606bf30d43c5070146f726cc76,economic_duplicate,inferred_same_RF_nested_archive_not_byte_verified,2,1,Palta,2900.0,"[69690, 72926]","[""FRUTRAS_AGOSTO-26.zip/RF190826.XLS"", ""FRUTAS_AGOSTO-26 (2).zip/FRUTRAS_AGOSTO-26.zip/RF190826.XLS""]",
de8fbbb0f9849d4e2ce6df944bed09a790db5b30d405cf1b074f829d3e3c015d,economic_duplicate,inferred_same_RF_nested_archive_not_byte_verified,2,1,Palta,4981.82,"[69691, 72927]","[""FRUTRAS_AGOSTO-26.zip/RF190826.XLS"", ""FRUTAS_AGOSTO-26 (2).zip/FRUTRAS_AGOSTO-26.zip/RF190826.XLS""]",
fbfc89f673e70ccba3c3622fc6cbd6e282c65e7f3ae6975058e1914a39b82154,economic_duplicate,inferred_same_RF_nested_archive_not_byte_verified,2,1,Pera,3600.0,"[69692, 72928]","[""FRUTRAS_AGOSTO-26.zip/RF190826.XLS"", ""FRUTAS_AGOSTO-26 (2).zip/FRUTRAS_AGOSTO-26.zip/RF190826.XLS""]",
00085674a34c9c28d1f98617bcdde3cc5ff223c1f79b434c6b1a4faebd49dc87,economic_duplicate,inferred_same_RF_nested_archive_not_byte_verified,2,1,Pera,1900.0,"[69693, 72929]","[""FRUTRAS_AGOSTO-26.zip/RF190826.XLS"", ""FRUTAS_AGOSTO-26 (2).zip/FRUTRAS_AGOSTO-26.zip/RF190826.XLS""]",
43ede3a4f4e115c777ac7b827a9163c63d0705b33a9856195da9728935fd3fbf,economic_duplicate,inferred_same_RF_nested_archive_not_byte_verified,2,1,Pera,1666.67,"[69694, 72930]","[""FRUTRAS_AGOSTO-26.zip/RF190826.XLS"", ""FRUTAS_AGOSTO-26 (2).zip/FRUTRAS_AGOSTO-26.zip/RF190826.XLS""]",
28a96322174f8def78cbf3e6fdf3dd0b117545c896e4b1265b0a66938aaa721e,economic_duplicate,inferred_same_RF_nested_archive_not_byte_verified,2,1,Pera,1500.0,"[69695, 72931]","[""FRUTRAS_AGOSTO-26.zip/RF190826.XLS"", ""FRUTAS_AGOSTO-26 (2).zip/FRUTRAS_AGOSTO-26.zip/RF190826.XLS""]",
fc627c76c4027fde232eb762d001ab831463a5885a38f33cd30b646ca9e26105,economic_duplicate,inferred_same_RF_nested_archive_not_byte_verified,2,1,Pera,1277.78,"[69696, 72932]","[""FRUTRAS_AGOSTO-26.zip/RF190826.XLS"", ""FRUTAS_AGOSTO-26 (2).zip/FRUTRAS_AGOSTO-26.zip/RF190826.XLS""]",
48099ab1791c17c0328635883298d6d2971fee440b476458c4d8650d942970ff,economic_duplicate,inferred_same_RF_nested_archive_not_byte_verified,2,1,Pera,1988.89,"[69697, 72933]","[""FRUTRAS_AGOSTO-26.zip/RF190826.XLS"", ""FRUTAS_AGOSTO-26 (2).zip/FRUTRAS_AGOSTO-26.zip/RF190826.XLS""]",
c15cefd27f16c9fcaca3b717da49513c3a228263bebb03edbf054e1cbc4aaea6,economic_duplicate,inferred_same_RF_nested_archive_not_byte_verified,2,1,Platano,3000.0,"[69698, 72934]","[""FRUTRAS_AGOSTO-26.zip/RF190826.XLS"", ""FRUTAS_AGOSTO-26 (2).zip/FRUTRAS_AGOSTO-26.zip/RF190826.XLS""]",
120f1f5688b091a60eff262a3f385e2a88f63e687766cb528371f1aba995037f,economic_duplicate,inferred_same_RF_nested_archive_not_byte_verified,2,1,Platano,3000.0,"[69699, 72935]","[""FRUTRAS_AGOSTO-26.zip/RF190826.XLS"", ""FRUTAS_AGOSTO-26 (2).zip/FRUTRAS_AGOSTO-26.zip/RF190826.XLS""]",
8a481c38f2a20b66d562db05561e5401353925b90f8b69871d92dd3317223e9c,economic_duplicate,inferred_same_RF_nested_archive_not_byte_verified,2,1,Pomelo,611.11,"[69700, 72936]","[""FRUTRAS_AGOSTO-26.zip/RF190826.XLS"", ""FRUTAS_AGOSTO-26 (2).zip/FRUTRAS_AGOSTO-26.zip/RF190826.XLS""]",
afa742e55aefd281c8968793de505875e8ee429f2176cb140627eba76e764185,economic_duplicate,inferred_same_RF_nested_archive_not_byte_verified,2,1,Pomelo,722.22,"[69701, 72937]","[""FRUTRAS_AGOSTO-26.zip/RF190826.XLS"", ""FRUTAS_AGOSTO-26 (2).zip/FRUTRAS_AGOSTO-26.zip/RF190826.XLS""]",
a406e51009a2728df7e54aed8cc9ed1dc030b591f97cd9abe99e038ca904ba49,economic_duplicate,inferred_same_RF_nested_archive_not_byte_verified,2,1,Pomelo,1055.56,"[69702, 72938]","[""FRUTRAS_AGOSTO-26.zip/RF190826.XLS"", ""FRUTAS_AGOSTO-26 (2).zip/FRUTRAS_AGOSTO-26.zip/RF190826.XLS""]",
61a64ed06713b2ac69e4a02e4a8a2741f8dd8f37e04b007a6c613db9e317b043,economic_duplicate,inferred_same_RF_nested_archive_not_byte_verified,2,1,Pomelo,796.3,"[69703, 72939]","[""FRUTRAS_AGOSTO-26.zip/RF190826.XLS"", ""FRUTAS_AGOSTO-26 (2).zip/FRUTRAS_AGOSTO-26.zip/RF190826.XLS""]",
e640cde228246affe87ae133b3ee949daf140b247965963ba3762212b5661cf4,economic_duplicate,inferred_same_RF_nested_archive_not_byte_verified,2,1,Sandia,2000.0,"[69704, 72940]","[""FRUTRAS_AGOSTO-26.zip/RF190826.XLS"", ""FRUTAS_AGOSTO-26 (2).zip/FRUTRAS_AGOSTO-26.zip/RF190826.XLS""]",
e638e7b5d3672aa39d3aa2190be72a139b9628800ac8fb45e53fae27ff478c43,economic_duplicate,inferred_same_RF_nested_archive_not_byte_verified,2,1,Sandia,1700.0,"[69705, 72941]","[""FRUTRAS_AGOSTO-26.zip/RF190826.XLS"", ""FRUTAS_AGOSTO-26 (2).zip/FRUTRAS_AGOSTO-26.zip/RF190826.XLS""]",
921de8fa0688d35248f5c961ba927c712a1331ab246b474b3490d15c838c2932,economic_duplicate,inferred_same_RF_nested_archive_not_byte_verified,2,1,Sandia,1850.0,"[69706, 72942]","[""FRUTRAS_AGOSTO-26.zip/RF190826.XLS"", ""FRUTAS_AGOSTO-26 (2).zip/FRUTRAS_AGOSTO-26.zip/RF190826.XLS""]",
1dffc12aa5ded325d987536166652a4dd1b5899a621ecc6c68d53b31c893fb76,economic_duplicate,inferred_same_RF_nested_archive_not_byte_verified,2,1,Uva,8000.0,"[69707, 72943]","[""FRUTRAS_AGOSTO-26.zip/RF190826.XLS"", ""FRUTAS_AGOSTO-26 (2).zip/FRUTRAS_AGOSTO-26.zip/RF190826.XLS""]",
a516871e18b8bfe65bd526f5b8705ed973681b0e3da489103add1b657ea91a66,economic_duplicate,inferred_same_RF_nested_archive_not_byte_verified,2,1,Uva,7875.0,"[69708, 72944]","[""FRUTRAS_AGOSTO-26.zip/RF190826.XLS"", ""FRUTAS_AGOSTO-26 (2).zip/FRUTRAS_AGOSTO-26.zip/RF190826.XLS""]",
4dfc655e4204590b9e11d2d454ddfdfb86b040f257d8a2b061ec7995a196293a,economic_duplicate,inferred_same_RF_nested_archive_not_byte_verified,2,1,Uva,8000.0,"[69709, 72945]","[""FRUTRAS_AGOSTO-26.zip/RF190826.XLS"", ""FRUTAS_AGOSTO-26 (2).zip/FRUTRAS_AGOSTO-26.zip/RF190826.XLS""]",
dce0b90a7c1d3d2d37b0eec174c72d1eab4bf02bd82aff1ea51d31e2cd6af87a,economic_duplicate,inferred_same_RF_nested_archive_not_byte_verified,2,1,Uva,7375.0,"[69710, 72946]","[""FRUTRAS_AGOSTO-26.zip/RF190826.XLS"", ""FRUTAS_AGOSTO-26 (2).zip/FRUTRAS_AGOSTO-26.zip/RF190826.XLS""]",
8ef5020cb67605b2ca1202882e7993c2725b25e67915f07f0c8f77debb6d58cf,economic_duplicate,inferred_same_RF_nested_archive_not_byte_verified,2,1,Uva,5750.0,"[69711, 72947]","[""FRUTRAS_AGOSTO-26.zip/RF190826.XLS"", ""FRUTAS_AGOSTO-26 (2).zip/FRUTRAS_AGOSTO-26.zip/RF190826.XLS""]",
6653e3f15dcfdfaec1dbb17e0f4631d4dcf2f942fc77cedfa4b36e9b6edcf652,economic_duplicate,inferred_same_RF_nested_archive_not_byte_verified,2,1,Uva,7400.0,"[69712, 72948]","[""FRUTRAS_AGOSTO-26.zip/RF190826.XLS"", ""FRUTAS_AGOSTO-26 (2).zip/FRUTRAS_AGOSTO-26.zip/RF190826.XLS""]",
