fuente_id,nombre,proveedor,pagina_origen,endpoint,metodo_http,parametros,formato,campos,granularidad,frecuencia,historia_verificada,historia_pendiente,productos,variedades,procedencias,plazas_mercados,moneda,unidad,tipo_precio,volumen,tipo_operacion,estado_operacion,autenticacion,limites,documentacion,licencia_redistribucion,automatizacion,estabilidad_aparente,evidencia,recomendacion,condiciones_decision
MCBA_INTEGRAL,MCBA consulta integral granular,MAGyP/SSMA; información provista por Corporación MCBA,https://www.magyp.gob.ar/mercadosagropecuarios/frutas.php,https://ssma.magyp.gob.ar/frutas.precios.aspx,GET HTML; POST GeneXus mismo endpoint para eventos/exportación,Filtros vTFFRUTAS_PRECIOS_FECHA/_TO y _DESCRIPCION/_SELS; evento DOEXPORT; GXState/estado dinámico no versionado; contrato POST no reproducido fuera de navegador,HTML + estado de grilla GeneXus; exportación XLSX comprobada; XLSX 11 campos sin IDs ni empresa/sucursal; grilla 23 campos con IDs,Fecha;Empresa_Id/Empresa;Sucursal_Id/Sucursal;Tipo_Id/Tipo;Especie_Id/Especie;Variedad_Id/Variedad;Procedencia_Id/Procedencia;Envase_Id/Envase;Calidad_Id/Calidad;Tamaño_Id/Tamaño;Grado_Id/Grado;Kg;Promedio x Kg.,Día × mercado × especie × variedad × procedencia × envase × calidad × tamaño × grado; mezcla detalle y resumen Prom.Esp.,Diaria según publicación,"Días 2024-10-02 (356 filas XLSX), 2025-10-02 (10 filas UI), 2026-10-02 (10 filas UI)",Inicio y continuidad no validados,"Frutas y hortalizas; ejemplos limón, manzana, palta, tomate, cebolla, ajo, chaucha","Sí: GENOVA, GRANNY SMI, HASS, OPTIMA, REDONDO, etc.; conservar códigos y etiquetas","Sí: E. RIOS, R. NEGRO, PERU, BRASIL, CTES., etc.; origen del producto",Empresa 1 MCBA / Sucursal 0 MCBA en filas observadas; no prueba otros mercados,Pesos/ARS por contexto y encabezado diario explícito; XLSX sin columna moneda,Precio por kg; Kg no validado como peso de bulto ni volumen,Promedio publicado por presentación y resúmenes de especie; ponderación no documentada,Kg presente: cero en las 356 filas exportadas; no utilizable como volumen transado,"No informado; cotización promedio, no transacción individual",No informado,Acceso público observado sin credenciales; no implica contrato API,Grilla 10 filas iniciales; selector 5/10/20/50; XLSX un día 18.920 bytes; sin límite oficial de fechas verificado,HTML/código público observado; sin OpenAPI identificado,No se identificó licencia específica ni permiso de redistribución; confirmar con proveedor,Posible con sesión/eventos GeneXus; no se validó request POST autónomo ni API pública estable,Consulta y filtros/Excel funcionaron; carga JS diferida y latencia inicial,GET 200; UI fechas filtradas; XLSX 2024 hash en informe; 75 resumen Prom.Esp. / 281 detalle en XLSX,INVESTIGAR,"Candidata a REEMPLAZAR adquisición manual sólo tras probar transporte automático, cobertura y equivalencia mensual; no borrar históricos"
MCBA_DIARIO,MCBA precios diarios comparativos,MAGyP / Secretaría de Agricultura,https://www.magyp.gob.ar/mercadosagropecuarios/frutas.php,https://ssma.magyp.gob.ar/frutas.preciospromedio.aspx,GET; POST eventos GeneXus,vFECHAD;vFECHAH; detalles frutas.preciospromediof.aspx / frutas.preciospromedioh.aspx con Frutas_Precios_Fecha=YYYYMMDD,HTML/estado de grilla GeneXus; botón Excel observado no ejecutado en esta vista,Fecha;Especie;Variedad;Procedencia;Calidad;Tamaño;Grado;Precio ayer;Precio hoy;Diferencia; IDs de dimensiones en estado,"Día × presentación; hoy/ayer, no mensual",Diaria según publicación,2026-10-02 y referencia al 2026-10-01,Inicio y continuidad no validados,Frutas/hortalizas,Dimensión observada en esquema,Dimensión observada en esquema,MCBA explícito en encabezado,Pesos argentinos por encabezado/contexto,$/kg explícito,Precio promedio publicado,No informado,No aplica a cotización,No informado,Acceso público observado sin credenciales; no implica contrato API,Cuotas/SLA no publicados en páginas revisadas; pruebas acotadas,HTML/código público observado; sin OpenAPI identificado,No se identificó licencia específica ni permiso de redistribución; confirmar con proveedor,Eventos con estado; no API REST confirmada,Una revisión puntual; sin SLA/versionado comprobado,GET 200 a índice y dos detalles; precios embebidos en grilla,COMPLEMENTAR,Control diario de fuente MCBA; no sumar con filas de consulta integral
MCBA_GRAFICOS,MCBA gráficos por fecha/mes,MAGyP / Secretaría de Agricultura,https://www.magyp.gob.ar/mercadosagropecuarios/frutas.php,https://ssma.magyp.gob.ar/frutas.msddiario.aspx | https://ssma.magyp.gob.ar/frutas.msdmensual.aspx,GET observado en JS; contrato de eventos pendiente,Selección de producto/dimensiones guardada por consulta integral; no contrato sin sesión comprobado,No recibido (timeouts de 25 s),No verificados,Diaria/mensual indicada por controles; datos no verificados,No verificada,Ninguna,Inicio y continuidad no validados,No verificados,No verificadas,No verificadas,Contexto MCBA; pendiente comprobar,No verificada,No verificada,Método de agregado mensual pendiente,No informado,No aplica a cotización,No informado,Flujo con estado; no se intentó login,Cuotas/SLA no publicados en páginas revisadas; pruebas acotadas,HTML/código público observado; sin OpenAPI identificado,No se identificó licencia específica ni permiso de redistribución; confirmar con proveedor,No validada,Dos timeouts; no inferir inexistencia,Referencias reales en frutas/precios.js; GET timeout,INVESTIGAR,Confirmar promedio mensual oficial antes de sustituir K_mes de Excel
CORRIENTES_ENLACE,Mercado de Corrientes enlace provincial,MAGyP como directorio; sitio provincial mptt.gov.ar como proveedor enlazado,https://www.magyp.gob.ar/sitio/areas/ss_mercados_agropecuarios/areas/frutas/index.php,http://www.mptt.gov.ar/site13/index.php/preciosmercado,GET enlace; prueba HTTPS de igual host/ruta,No documentados,No recibido: DNS no resuelve en entorno,No verificados,No verificada,"Diaria según etiqueta del enlace, no comprobada en datos",Ninguna,Inicio y continuidad no validados,Frutas/hortalizas según sección; no catálogo recibido,No verificadas,No verificadas,Mercado de Corrientes según enlace; no confundir CTES. en MCBA con mercado,No verificada,No verificada,No verificado,No informado,No aplica a cotización,No informado,No determinada: no hubo conexión,Cuotas/SLA no publicados en páginas revisadas; pruebas acotadas,HTML/código público observado; sin OpenAPI identificado,No se identificó licencia específica ni permiso de redistribución; confirmar con proveedor,No validada; no API MAGyP equivalente localizada,Enlace legado externo sin DNS durante prueba,Enlace HTML oficial y error DNS HTTPS; no se insistió,MANTENER,Mantener fuente actual Martín Micelli; investigar canal vigente provincial
SIO_SNAPSHOT,SIO últimas operaciones usado por pipeline,SIO Granos enlazado por MAGyP,https://www.siogranos.com.ar/consulta_publica/,https://www.siogranos.com.ar/consulta_publica/operaciones_informadas_ultimas.aspx/GetOperaciones,POST,pPageSize;pCurrentPage según explorador existente,JSON d/Items/ID/Row,15 posiciones Row; ID; concertación;nro operación;operación;tipo;precio;producto;cantidad;calidad;procedencia;precio monto/moneda;entrega;fechas entrega;pago;fuera término,Snapshot parcial de registros recientes,Diaria según publicación,Snapshots conservados en proyecto; no nueva llamada al endpoint,Inicio y continuidad no validados,Según snapshot,Calidad comercial; no variedades,Provincia/localidad en texto,Zona/lugar de entrega,$/U$S explícita en texto según observación,TN; precio/TN,Precio Hecho / Fijar Precio,Cantidad TN,Operación y tipo disponibles según filas,No histórico completo de eventos garantizado,Acceso público observado sin credenciales; no implica contrato API,Cuotas/SLA no publicados en páginas revisadas; pruebas acotadas,HTML/código público observado; sin OpenAPI identificado,No se identificó licencia específica ni permiso de redistribución; confirmar con proveedor,Ya existe en Actions; fuera de esta tarea,Fallback existente; paginación no validada según documentación local,"README y explorar_sio_granos.py; evidencia local previa, no nueva verificación remota",MANTENER,Fallback durante piloto del endpoint reciente paginado; no declarar histórico completo
SIO_GRILLA_72H,SIO operaciones informadas recientes paginadas,SIO Granos enlazado por MAGyP,https://www.siogranos.com.ar/consulta_publica/operaciones_informadas.aspx,https://www.siogranos.com.ar/consulta_publica/operaciones_informadas.aspx/GetOperaciones,POST application/json,pPageSize;pCurrentPage;fFechaConcertacionDesde/Hasta;fIDOperacion;fIDTipo;fIDTipoOIV;fIDProducto;fCantDesde;fIDCalidad;fIDProvincia;fIDLocalidad;fIDMoneda;fPrecioTNDesde;fIDZona;fFechaEntregaDesde/Hasta;fIDCondicionPago,"JSON d:PageCount,CurrentPage,RecordCount,Items[{ID,Row}]",ID + Row[15]:ID;concertación;nro operación;operación;tipo;tipo precio;producto;TN;calidad;provincia/localidad;monto y moneda;zona/destino;entrega desde/hasta;pago;fuera término,Registro/evento individual reciente; dos páginas diferentes verificadas,Diaria según publicación,"2026-10-02: 1219 registros reportados, 10 descargados en páginas 1/2; 2024-10-02 devuelve 0",Pantalla dice últimas 72 HS; no histórico; estabilidad de ID/orden bajo actualización no validada,"Granos/oleaginosas; muestra trigo pan, maíz, girasol, cebada, soja",Calidad comercial,Provincia/localidad explícitas en texto,"Rosario N/S, B.Blanca, Quequen, zonas; En destino como condición","ARS ($), USD (U$S) en muestras; EUR en selector",Cantidad TN y precio/TN por encabezado,Precio Hecho / Fijar Precio,Sí TN,Contrato/Ampliación/Anulación/Rectificación/Fijación; Compraventa=1/Canje=2,Eventos visibles; no campo de última instancia en grilla,Acceso público observado sin credenciales; no implica contrato API,Prueba 5 filas×2 páginas; 72 HS según UI; cuotas no documentadas,HTML/código público observado; sin OpenAPI identificado,No se identificó licencia específica ni permiso de redistribución; confirmar con proveedor,POST anónimo probado; candidata a captura reciente en Actions con cursor/solapamiento y controles,Funciona paginación en dos páginas; no garantiza orden estable ni captura completa,"7 POST acotados: páginas1/2,2024,anulación,compraventa,canje,rectificación; hashes en informe",COMPLEMENTAR,Piloto paralelo; eventual REEMPLAZAR captura snapshot sólo tras reconciliar exportación y probar eventos tardíos
SIO_EXPORTACION,SIO exportación histórica por declaración,SIO Granos enlazado por MAGyP,https://www.siogranos.com.ar/consulta_publica/,https://www.siogranos.com.ar/consulta_publica/operaciones_informadas_exportar.aspx,GET formulario; POST application/x-www-form-urlencoded WebForms al mismo endpoint,txtFechaOperacionDesde/Hasta (declaración);txtFechaConcertacionDesde/Hasta;ddlOperacion;ddlTipo;ddlPrecio;ddlProducto;ddlCalidad;txtCantidad;ddlProvincia/Localidad;ddlMoneda;txtPrecioTN;ddlLugar;txtFechaEntregaDesde/Hasta;ddlCondicionPago;ddlEsDestinoFinal;__EVENTTARGET=btn_generar_csv;estado WebForms dinámico,CSV UTF-16-LE sin BOM; separador ; y campo final vacío,FECHA OPERACION;FECHA CONCERTACION;NRO. OPERACION;OPERACION;TIPO;PRECIO;PRODUCTO;CANT. (TN);CALIDAD;CALIDAD ADICIONAL;PROCEDENCIA PCIA;PROCEDENCIA LOCALID.;PRECIO/TN MONEDA;PRECIO/TN MONTO;LUGAR ENTREGA;FECHA ENTR. DESDE/HASTA;CONDICION PAGO;ES FINAL;COSECHA;¿ES ÚLTIMA INSTANCIA?,Evento declarado con timestamp; nº contrato repetible; sin ID interno de grilla en CSV,Diaria según publicación,Declaración 2024-10-02/SOJA:1296 filas; concertación 2021-10-04 a 2024-10-02,Inicio de declaraciones y continuidad completa no comprobados; no confundir concertación 2021 con cobertura declarada 2021,SOJA en exportación; selector incluye 11 productos,Calidad y calidad adicional,Provincia/localidad separadas,Zona/lugar de entrega y En destino; no plaza de pizarra,$/U$S en CSV; EUR selector; preservar etiquetas,TN y precio/TN explícitos,Precio Hecho/Fijar Precio por registro,Sí CANT. (TN),En muestra Contrato1020;Fijación248;Rectificación16;Anulación12;Compraventa1127;Canje169,"Última instancia Si1240/No56; ES FINAL es condición de destino, no estado de vigencia",Acceso público observado sin credenciales; no implica contrato API,Hasta180 días por declaración según UI; prueba un día/un producto669230 bytes; no descargar ventana por defecto,HTML/código público observado; sin OpenAPI identificado,No se identificó licencia específica ni permiso de redistribución; confirmar con proveedor,Descarga con sesión pública probada en UI; POST autónomo programado pendiente de validar,CSV histórico funcionó; contrato UI sin SLA; 28 nº operación repetidos en muestra,CSV un día histórico hash y esquema en informe,COMPLEMENTAR,Mejor complemento histórico/eventos; no deduplicar sólo por nro ni inferir estado final de 72h
SIO_MONITOR_PRECIOS,SIO monitor mercado disponible JSON agregado,MAGyP / Secretaría de Agricultura,https://monitorsiogranos.magyp.gob.ar/monitorsiogranos.html,https://monitorsiogranos.magyp.gob.ar/v5_ajax/cuadrosCotizaciones_min.php,GET,"cosas=JSON URLencoded{fechaDesde,fechaHasta,producto,puerto}; muestra02/10/2026,producto18(SOJA),puerto23(RosarioN)",JSON aunque Content-Type:text/html,"minimos,maximos,prom[{fecha_concertacion,valor}];modal[{valor}]","Fecha × producto × zona; agregado, no evento",Diaria según publicación,"2026-10-02, soja/RosarioN",Inicio y continuidad no validados,Soja/girasol/trigo/maíz/sorgo/cebadas y otros del menú,No aplica como variedad frutihortícola,No recupera procedencia individual,Zona23 RosarioN; otras zonas en menú,Pesos según UI/valores; no viene en JSON,Precio por tonelada según contexto UI; no viene en JSON,Referencia monitor disponible; mínimos/máximos/promedio/modal; metodología requiere documentarse,No informado,No aplica a cotización,No informado,Acceso público observado sin credenciales; no implica contrato API,Cuotas/SLA no publicados en páginas revisadas; pruebas acotadas,HTML/código público observado; sin OpenAPI identificado,No se identificó licencia específica ni permiso de redistribución; confirmar con proveedor,GET probado; endpoints auxiliares observados para volúmenes/zonas/fechas,Código v5 y funciones _min sin contrato versionado,JS+GET muestra:555000/560000/559571/modal560000,COMPLEMENTAR,Referencia agregada separada; nunca reemplaza detalle/estados SIO
SIO_VOLUMEN,SIO volúmenes tabulados,MAGyP / Secretaría de Agricultura,https://www.magyp.gob.ar/mercadosagropecuarios/granos.php,https://sios.magyp.gob.ar/sio_ministerio.constoneltab.aspx,GET;POST eventos GeneXus,Cosecha y fechas desde/hasta en formulario; contrato POST pendiente,HTML + grillas GeneXus,Volúmenes por Precio Hecho;Precio a Fijar;Fijaciones;Total Contratos;fecha;cosecha,Agregado por producto/cosecha/condición; sin ID operativo,Diaria según publicación,UI fecha02/10/2026; no exportación histórica,Inicio y continuidad no validados,Según tablas SIO; catálogo completo no descargado,No aplica como variedad frutihortícola,No informadas,Argentina agregado,No aplica a volumen,Toneladas explícitas,"Condiciones para volúmenes, no cotización",Sí TN agregado,No aplica a cotización,No informado,Acceso público observado sin credenciales; no implica contrato API,Cuotas/SLA no publicados en páginas revisadas; pruebas acotadas,HTML/código público observado; sin OpenAPI identificado,No se identificó licencia específica ni permiso de redistribución; confirmar con proveedor,Posible eventos con estado; pendiente extracción autónoma,Una revisión puntual; sin SLA/versionado comprobado,GET200; encabezado TN y pestañas,COMPLEMENTAR,"Control de cobertura, no concatenar fijaciones con contratos en volumen sin metodología"
MONITOR_COMERCIO,Monitor del comercio granario,MAGyP / Secretaría de Agricultura,https://www.magyp.gob.ar/mercadosagropecuarios/granos.php,https://monitorssma.magyp.gob.ar/siogranos.dashboardgranos.aspx,GET;POST GeneXus pendiente,Producto;cosecha;fechas;agrupación;contrato pendiente,HTML y estado de gráficos,FAS;FOB;producción;carry-in;oferta;ventas hoy/acumuladas;compras exportación/industria;DJVE,Indicadores/agregados heterogéneos con fechas distintas,Diaria según publicación,Ventas/FOB/FAS02/10/2026;compras23/09/2026 en HTML,Inicio y continuidad no validados,Trigo/maíz/soja/cebada/sorgo,No aplica como variedad frutihortícola,No informadas,"Argentina, agregado",ARS para FAS;USD para FOB; no aplicar moneda a volúmenes,TN y MT según campo; precios por tonelada según fuente primaria,Referencias y balances; mezcla visual no implica misma serie,Ventas/compras/oferta agregadas,No aplica a cotización,No informado,Acceso público observado sin credenciales; no implica contrato API,Cuotas/SLA no publicados en páginas revisadas; pruebas acotadas,HTML/código público observado; sin OpenAPI identificado,No se identificó licencia específica ni permiso de redistribución; confirmar con proveedor,No transporte API probado; preferir fuentes primarias por indicador,Una revisión puntual; sin SLA/versionado comprobado,GET200;HTML,INVESTIGAR,Contexto futuro; mantener fecha/unidad/definición por indicador
PRECIOS_INTERNOS,Evolución precios internos principales granos,MAGyP / Secretaría de Agricultura,https://www.magyp.gob.ar/mercadosagropecuarios/granos.php,https://www.magyp.gob.ar/sitio/areas/ss_mercados_agropecuarios/areas/granos/_archivos/000056_Precios%20Locales/000010_Precios%20Internos%20de%20los%20Principales%20Granos/000001_Informe%20Actual%20de%20la%20Evolucion%20Precios%20Internos%20de%20Granos.php,GET,Sin query para informe actual; URLs por año existentes en configuración local; XLSX Históricos enlazado no descargado,Tablas HTML;archivo XLSX histórico enlazado,Año;mes;producto;plaza;precio;S/C,Mes × grano × plaza,Mensual (aunque plantilla dice PRECIOS DIARIOS),Informe2026 enero-septiembre;2020-2025 según config local no reconsultados,Inicio y continuidad no validados,"Trigo,maíz,sorgo,soja,girasol,cebada forrajera",No aplica como variedad frutihortícola,No informadas,"Dársena,Rosario,B.Blanca,Córdoba,Quequén según producto",ARS explícitos,$/Ton. explícita,Precio interno mensual; fuente declarada Bolsa Cereales Buenos Aires; método promedio no explicitado,No informado,No aplica a cotización,No informado,Acceso público observado sin credenciales; no implica contrato API,Cuotas/SLA no publicados en páginas revisadas; pruebas acotadas,HTML/código público observado; sin OpenAPI identificado,No se identificó licencia específica ni permiso de redistribución; confirmar con proveedor,GET parseable ya contemplado en pipeline local; actualización mensual acotada,Tabla actual y enlace Históricos comprobados; URLs históricas pueden cambiar,GET200;2026enero-septiembre;nota fuente BCBA,MANTENER,Mantener serie mensual separada; no sustituir con SIO/Pizarra/FOB
PIZARRA_CAMARA,Cotizaciones de Pizarra sobre Puerto,MAGyP / Secretaría de Agricultura,https://www.magyp.gob.ar/mercadosagropecuarios/granos.php,https://www.magyp.gob.ar/sitio/areas/ss_mercados_agropecuarios/areas/granos/_archivos/000056_Precios%20Locales/000020_Precios%20C%C3%A1mara%20-%20Diario/000001_Cotizaciones%20de%20Pizarra%20sobre%20Puerto%20-%20Precios%20C%C3%A1maras.php?accion=imp,GET,accion=imp presentación; sin filtro fecha/API en HTML observado,Tabla HTML,Fecha;producto;Buenos Aires;Bahía Blanca;Quequén;Rosario;Córdoba;precio;nota provisorio,Día × grano × cámara/plaza,Diaria según publicación,2026-10-01;sin rango histórico identificado,Inicio y continuidad no validados,"Girasol,trigo pan,maíz,soja,sorgo,cebada forrajera",No aplica como variedad frutihortícola,No informadas,"Buenos Aires,Bahía Blanca,Quequén,Rosario,Córdoba",Pesos/ARS por contexto,$/Tn explícito,Pizarra; cotizaciones provisorias sujetas a ajuste,No informado,No aplica a cotización,"Provisorio de cotización, no estado de transacción",Acceso público observado sin credenciales; no implica contrato API,Cuotas/SLA no publicados en páginas revisadas; pruebas acotadas,HTML/código público observado; sin OpenAPI identificado,No se identificó licencia específica ni permiso de redistribución; confirmar con proveedor,GET HTML diario posible; sin recuperación de fechas antiguas probada,Una revisión puntual; sin SLA/versionado comprobado,GET200;ceros en plazas sin valor y nota provisorio,COMPLEMENTAR,Conservar proveedor original Cámara; confirmar ceros/S-C/revisiones y cotejar BCR antes de reemplazar BCR
FAS_TEORICO,FAS teórico completo/reducido,MAGyP / Secretaría de Agricultura,https://www.magyp.gob.ar/mercadosagropecuarios/granos.php,https://dinem.magyp.gob.ar/dinem_fas.cfas_all.aspx,GET;POST eventos GeneXus,Fecha FAS_TeoHis_Dia/_To;tabs derecho exportación completo/reducido;estado dinámico,HTML + GridContainerData GeneXus,FAS_TeoHis_Dia;TP;MA;CEBC;CEBF;SOR;SO;GI;AS;AG;regimen_D.E.C./D.E.R.,Día × producto × régimen derechos,Diaria según publicación,2026-10-02 completo;2025-10-31 reducido en primeras filas;continuidad no validada,Inicio y continuidad no validados,"Trigo pan,maíz,cebada cervecera,cebada forrajera,sorgo,soja,girasol,aceite soja,aceite girasol según códigos/etiquetas",No aplica como variedad frutihortícola,No informadas,Argentina referencia teórica; no transacción/plaza individual,ARS por portal oficial; campo no unitado en JSON de grilla,$/t por portal oficial; corroborar por producto derivados,FAS teórico/capacidad de pago; no precio transado,No informado,No aplica a cotización,Régimen completo/reducido; no evento SIO,Acceso público observado sin credenciales; no implica contrato API,Cuotas/SLA no publicados en páginas revisadas; pruebas acotadas,HTML/código público observado; sin OpenAPI identificado,No se identificó licencia específica ni permiso de redistribución; confirmar con proveedor,Primera página GET accesible; rango/exportación POST no validado; candidato posterior,Una revisión puntual; sin SLA/versionado comprobado,GET200 y grillas primera fila;fuente portal$/t,COMPLEMENTAR,"Separar producto,régimen,fecha y metodología; no rellenar precios internos"
FOB_OFICIAL_API,API FOB oficial documentada,MAGyP / Secretaría de Agricultura,https://www.magyp.gob.ar/sitio/areas/ss_mercados_agropecuarios/fob_oficiales/_archivos/000021_Precios%20Fob%20Api.php,https://www.magyp.gob.ar/sitio/areas/ss_mercados_agropecuarios/ws/ssma/precios_fob.php,GET,Fecha=dd/mm/aaaa;una fecha por request;sin rango/paginación documentados,JSON posts[];Content-Type:text/html en muestra,fecha;circular;posicion;precio;mesDesde;añoDesde;mesHasta;añoHasta,Fecha publicacion x posicion (diccionario pendiente) x periodo embarque x circular,Diaria según publicación,1993-01-04:115filas/90posiciones;2026-10-02:142filas/43posiciones,Continuidad1993-2026 no comprobada;fecha ejemplo no prueba inicio universal,"Granos,oleaginosas,derivados y otras posiciones; sin nombres en JSON;diccionario posición→producto pendiente",No aplica como variedad frutihortícola,No informadas,FOB oficial Argentina;sin puerto individual en JSON,USD por publicación FOB;JSON no declara moneda,USD/t por portal;confirmar unidad por posición antes de aplicar a todo catálogo,"FOB oficial; referencia administrativa/exportación, no transacción",No informado,No aplica a cotización,JSON sin estado de revision; indice DINEM publica modificacion; conservar versiones; no es operacion individual,Público sin key;documentación invita conexión automática,Cuotas/SLA no publicados;sin sábados/domingo/feriados según documentación,https://www.magyp.gob.ar/sitio/areas/ss_mercados_agropecuarios/fob_oficiales/_archivos/000021_Precios%20Fob%20Api.php,No se identificó licencia específica ni permiso de redistribución; confirmar con proveedor,Sí:GET documentado y probado;mejor candidato Actions con diccionario y validación de esquema,Documentado;nota oficial cambio de host por problemas técnicos;usar host www.magyp,Dos GET200 JSON; indice DINEM y vistas precios/modificaciones GET200: circular2072/comunicado184/modificacion1; hashes en informe,COMPLEMENTAR,Prioridad1 futura incorporación;no agregar posiciones/embarques sin regla;validar licencia/diccionario/unidades
FUTUROS_LOCALES,Mercado a término Buenos Aires / Matba Rofex,MAGyP / Secretaría de Agricultura,https://www.magyp.gob.ar/mercadosagropecuarios/granos.php,https://www.magyp.gob.ar/sitio/areas/ss_mercados_agropecuarios/areas/granos/_archivos/000056_Precios%20Locales/000030_Mercado%20a%20T%C3%A9rmino%20de%20Buenos%20Aires%20-%20Dolares%20por%20toneladas/000001_Precios%20Diarios%20del%20Mercado%20a%20T%C3%A9rmino%20de%20Buenos%20Aires.php?accion=imp,GET,accion=imp;sin contrato rango/exportación descubierto,Tabla HTML,Posición;trigo;maíz;soja Rosario;girasol Rosario;fecha rueda;precio,Día × mercado × producto × vencimiento/Disponible,Diaria según publicación,2026-10-01 y2026-09-30,Inicio y continuidad no validados,"Trigo,maíz,soja,girasol según tabla;sin valores en todos",No aplica como variedad frutihortícola,No informadas,Buenos Aires/Rosario según etiqueta,USD según nombre oficial ruta;tabla no declara columna moneda,Dólares/tonelada según ruta;validar especificación contractual,Cotización diaria futuros y Disponible;no identifica ajuste/última transacción en tabla revisada,No informado,No aplica a cotización,No informado,Acceso público observado sin credenciales; no implica contrato API,Cuotas/SLA no publicados en páginas revisadas; pruebas acotadas,HTML/código público observado; sin OpenAPI identificado,No se identificó licencia específica ni permiso de redistribución; confirmar con proveedor,"GET parseable, contrato/método/licencia de market data pendientes",Una revisión puntual; sin SLA/versionado comprobado,GET200;posiciones mensuales2026/2027,INVESTIGAR,No construir continuo ni asumir spot;confirmar tipo cierre/ajuste y licencia proveedor original
FUTUROS_EXTERNOS,Futuros Chicago/Kansas y FOB Golfo/Bs.As.,MAGyP / Secretaría de Agricultura,https://www.magyp.gob.ar/mercadosagropecuarios/granos.php,"https://www.magyp.gob.ar/sitio/areas/ss_mercados_agropecuarios/areas/granos/_archivos/000057_Precios%20Internacionales/000010_Futuros%20-%20Chicago,%20Kansas,%20Winnipeg%20(Diario)/000001_Informe.php",GET,Sin query;informe actual,Tablas HTML,Mercado;producto;posición;fecha;cotización;cambio;FOB Bs.As/Golfo separado,Día × mercado × producto × vencimiento;FOB físico por período embarque en otras tablas,Diaria según publicación,2026-10-02 y2026-10-01,Inicio y continuidad no validados,"Chicago trigo,maíz,avena,soja,harina y aceite soja;Kansas trigo;otros en FOB",No aplica como variedad frutihortícola,No informadas,"Chicago,Kansas;Golfo/Bs.As en tablas FOB distintas",USD explícitos,USD/Ton. explícitos,Cotizaciones de cierre futuros externos;otras tablas FOB separadas,No informado,No aplica a cotización,No informado,Acceso público observado sin credenciales; no implica contrato API,Cuotas/SLA no publicados en páginas revisadas; pruebas acotadas,HTML/código público observado; sin OpenAPI identificado,No se identificó licencia específica ni permiso de redistribución; confirmar con proveedor,GET HTML posible;falta contrato histórico y permisos del dato de bolsa,Una revisión puntual; sin SLA/versionado comprobado,GET200;texto unidades explícito,INVESTIGAR,Separar futuros de tablas FOB;confirmar unidad/transformaciones y redistribución
SIO_CARNES,SIO Carnes mapa futuro,MAGyP SIO Carnes; liquidaciones AFIP y DTe SENASA según sitio,https://www.magyp.gob.ar/mercadosagropecuarios/carnes.php,https://siocarnes.magyp.gob.ar/GrillaSIOCarnes/Listado,GET observado en JS;no llamado Listado,limit;offset (bootstrapTable);id_zona;id_provincia;id_Partido;fechaDesde;fechaHasta;id_Animal;Exportar?periodo= y FilasExportar observados no ejecutados,JSON previsto por grilla bootstrapTable;esquema respuesta sin comprobar,cFechaMovimiento;id_provincia_origen;ProvinciaOrigen;id_Partido_origen;PartidoOrigen;id_zona;zona;id_Raza;Raza;Categoria;CabezasComercializadas;id_UnidadMedida;UnidadMedida;cCabezasFormateado;cKgFormateado;nCantidadFormateado,Operaciones anónimas según sitio;confirmar si agrupación/no ID único en campos JS,Diaria según publicación,Ninguna muestra de Listado;solo mapa HTML/JS,Inicio y continuidad no validados,Bovinos/porcinos,Raza/categoría (no variedad),Provincia/partido;localidad según explicación institucional,Zonas destino anonimizadas;no establecimiento/CUIT,No verificada en respuesta,"Cabezas,kg vivos,kg equivalentes carne según sitio",Operación por cabeza/kg según unidad,Cabezas y kilos previstos,Compraventa para faena según explicación institucional,No determinado,Acceso público observado sin credenciales; no implica contrato API,Grilla10/25/50;sin cuotas/SLA;no exportación ejecutada,HTML/código público observado; sin OpenAPI identificado,No se identificó licencia específica ni permiso de redistribución; confirmar con proveedor,Potencial REST grilla;requiere etapa posterior,Una revisión puntual; sin SLA/versionado comprobado,GET200 a portada y Grilla;JS Listado/FilasExportar/Exportar,INVESTIGAR,Sólo mapeo;no piloto/descarga/integración carnes en esta etapa
