date,position,shipment_window,circular,price,source,observation_id,record_id,capture_id,updated_at_utc,raw_sha256,source_url,schema_version
2026-10-02,10011900110H,2026-10/2026-10,2072,289,magyp_fob,e6952a18fe943e107854a91425bdce2efe1086f81edabffdf3f933e9ff706107,f5b5b1b78a51c48220180f1f81f0f068c404677fe4df106c85550628dc9fff93,20261005T122622.736542Z_40910432ccd74beaa6570f010dabe9e4,2026-10-05T12:26:22.736542Z,50d94bd38b9b124f9f2c41e36f915f36c76057b037ad379bfcb4e067e45886d0,https://www.magyp.gob.ar/sitio/areas/ss_mercados_agropecuarios/ws/ssma/precios_fob.php?Fecha=02%2F10%2F2026,v1
2026-10-02,10011900110H,2026-11/2026-11,2072,283,magyp_fob,c86026c416621c7cf10e098689eb987ad4ff11c6b0dacc3ae4415531202ea65d,3df4e6df84742a83204d3ba44fe1fb2a1bf59dfff2004019ccf1e6c7265cb2d3,20261005T122622.736542Z_40910432ccd74beaa6570f010dabe9e4,2026-10-05T12:26:22.736542Z,50d94bd38b9b124f9f2c41e36f915f36c76057b037ad379bfcb4e067e45886d0,https://www.magyp.gob.ar/sitio/areas/ss_mercados_agropecuarios/ws/ssma/precios_fob.php?Fecha=02%2F10%2F2026,v1
2026-10-02,10011900110H,2026-12/2026-12,2072,284,magyp_fob,3607397503ee306c4bc38b6449ef0bad586005da78231bf28163579f15003ad7,fa78b4046f8047b905e7d328679946ccd880e7bffa1255066a7dec964da1af38,20261005T122622.736542Z_40910432ccd74beaa6570f010dabe9e4,2026-10-05T12:26:22.736542Z,50d94bd38b9b124f9f2c41e36f915f36c76057b037ad379bfcb4e067e45886d0,https://www.magyp.gob.ar/sitio/areas/ss_mercados_agropecuarios/ws/ssma/precios_fob.php?Fecha=02%2F10%2F2026,v1
2026-10-02,10011900110H,2027-01/2027-01,2072,286,magyp_fob,bede27342eb47e583c941a40a9bbcba377d76363b9636b1745dde5e6ae79e3a6,eac1814341238dcc0b7397637f66ee3b8911892c5f1df66094e885c48fc55c95,20261005T122622.736542Z_40910432ccd74beaa6570f010dabe9e4,2026-10-05T12:26:22.736542Z,50d94bd38b9b124f9f2c41e36f915f36c76057b037ad379bfcb4e067e45886d0,https://www.magyp.gob.ar/sitio/areas/ss_mercados_agropecuarios/ws/ssma/precios_fob.php?Fecha=02%2F10%2F2026,v1
2026-10-02,10011900110H,2027-02/2027-09,2072,294,magyp_fob,4f0f7cdbaadcca66855877452251c57df0dda1ab621ff42d69caf6fb801f779c,ea2539d4d9b20e39f6fd48b7ca8f6da3690b3cd0e97a8a65a118033604c84b1d,20261005T122622.736542Z_40910432ccd74beaa6570f010dabe9e4,2026-10-05T12:26:22.736542Z,50d94bd38b9b124f9f2c41e36f915f36c76057b037ad379bfcb4e067e45886d0,https://www.magyp.gob.ar/sitio/areas/ss_mercados_agropecuarios/ws/ssma/precios_fob.php?Fecha=02%2F10%2F2026,v1
2026-10-02,10011900129F,2026-10/2026-10,2072,309,magyp_fob,8708e89e0a6e80829d3412eb7d72d7a226e63f772be92a48dae72d085dd4e785,914d6b460d0202d5d89faab78292a47aa8148354bf15366c77cdd2f880ecda8e,20261005T122622.736542Z_40910432ccd74beaa6570f010dabe9e4,2026-10-05T12:26:22.736542Z,50d94bd38b9b124f9f2c41e36f915f36c76057b037ad379bfcb4e067e45886d0,https://www.magyp.gob.ar/sitio/areas/ss_mercados_agropecuarios/ws/ssma/precios_fob.php?Fecha=02%2F10%2F2026,v1
2026-10-02,10011900129F,2026-11/2026-11,2072,303,magyp_fob,fd0929c7bb322c7fed8831e92ce8abdb9b8a1cb36ee572a651a9e560a195ee40,e65904d8ffa2ceb3bc14d9c07376339eb7630aa007866e4682c76ceb8657da0d,20261005T122622.736542Z_40910432ccd74beaa6570f010dabe9e4,2026-10-05T12:26:22.736542Z,50d94bd38b9b124f9f2c41e36f915f36c76057b037ad379bfcb4e067e45886d0,https://www.magyp.gob.ar/sitio/areas/ss_mercados_agropecuarios/ws/ssma/precios_fob.php?Fecha=02%2F10%2F2026,v1
2026-10-02,10011900129F,2026-12/2026-12,2072,304,magyp_fob,94024ef40828b292ffc2107d0d3d57db63b6c4f44cce8915f4534f060c85ecdd,d8b544b3114f26c0937179be8c3255110fcb50def5f9028325b68a4bd6cdc16e,20261005T122622.736542Z_40910432ccd74beaa6570f010dabe9e4,2026-10-05T12:26:22.736542Z,50d94bd38b9b124f9f2c41e36f915f36c76057b037ad379bfcb4e067e45886d0,https://www.magyp.gob.ar/sitio/areas/ss_mercados_agropecuarios/ws/ssma/precios_fob.php?Fecha=02%2F10%2F2026,v1
2026-10-02,10011900129F,2027-01/2027-01,2072,306,magyp_fob,92ee5ae7c6c6f34370602904696e99afd3e8c759d64745f61d7f50bd198d2763,ed7b0bfa9f512ec537d884fe8c2ee7b6e4f74bad9e6c4f521dd5dfb1438cb935,20261005T122622.736542Z_40910432ccd74beaa6570f010dabe9e4,2026-10-05T12:26:22.736542Z,50d94bd38b9b124f9f2c41e36f915f36c76057b037ad379bfcb4e067e45886d0,https://www.magyp.gob.ar/sitio/areas/ss_mercados_agropecuarios/ws/ssma/precios_fob.php?Fecha=02%2F10%2F2026,v1
2026-10-02,10011900129F,2027-02/2027-09,2072,314,magyp_fob,34a6f12cb5604142ba487b3f10850b6905b8b570366c302c42eac9d08fc6531e,f5150b570ec5d2521b8b11e508b99b443321c8bbefe5cf65fea85a4c4a60ffe0,20261005T122622.736542Z_40910432ccd74beaa6570f010dabe9e4,2026-10-05T12:26:22.736542Z,50d94bd38b9b124f9f2c41e36f915f36c76057b037ad379bfcb4e067e45886d0,https://www.magyp.gob.ar/sitio/areas/ss_mercados_agropecuarios/ws/ssma/precios_fob.php?Fecha=02%2F10%2F2026,v1
2026-10-02,10011900210N,2026-10/2026-10,2072,289,magyp_fob,75d6a60778cdc33cfc99b46a6808217ec9cfea464ae2a0c956c7641a318ffd47,7ed8b61c5ce51424b6e4404010dcbc2ce6c3beb894b70da3f93501cd350b395c,20261005T122622.736542Z_40910432ccd74beaa6570f010dabe9e4,2026-10-05T12:26:22.736542Z,50d94bd38b9b124f9f2c41e36f915f36c76057b037ad379bfcb4e067e45886d0,https://www.magyp.gob.ar/sitio/areas/ss_mercados_agropecuarios/ws/ssma/precios_fob.php?Fecha=02%2F10%2F2026,v1
2026-10-02,10011900210N,2026-11/2026-11,2072,283,magyp_fob,548e86838ce0bd17249a9a43c1ab43c9d1f326ae79730616a8f3d19ed299d28f,7bbe0e5bc3a9e724e3392780665e03184a439db40dc89219efe0e9b0ed41a605,20261005T122622.736542Z_40910432ccd74beaa6570f010dabe9e4,2026-10-05T12:26:22.736542Z,50d94bd38b9b124f9f2c41e36f915f36c76057b037ad379bfcb4e067e45886d0,https://www.magyp.gob.ar/sitio/areas/ss_mercados_agropecuarios/ws/ssma/precios_fob.php?Fecha=02%2F10%2F2026,v1
2026-10-02,10011900210N,2026-12/2026-12,2072,284,magyp_fob,0ebf37d3599142d7810b341ad8c184aaac08d779a043c73f09d3200a8c7fb33e,ccfbdab81562eb1fc248dd293ac56892c89fa96705c021ae1c3a9ee6d2f8252e,20261005T122622.736542Z_40910432ccd74beaa6570f010dabe9e4,2026-10-05T12:26:22.736542Z,50d94bd38b9b124f9f2c41e36f915f36c76057b037ad379bfcb4e067e45886d0,https://www.magyp.gob.ar/sitio/areas/ss_mercados_agropecuarios/ws/ssma/precios_fob.php?Fecha=02%2F10%2F2026,v1
2026-10-02,10011900210N,2027-01/2027-01,2072,286,magyp_fob,9814d71e47971efbf6e5e64333b1618577bccef8fc759cb10984b1f4b955a05c,d13b70aab40c1227d771ff7cfbecb5c5e5ea473374817352b3fe67a8cc5cb8a3,20261005T122622.736542Z_40910432ccd74beaa6570f010dabe9e4,2026-10-05T12:26:22.736542Z,50d94bd38b9b124f9f2c41e36f915f36c76057b037ad379bfcb4e067e45886d0,https://www.magyp.gob.ar/sitio/areas/ss_mercados_agropecuarios/ws/ssma/precios_fob.php?Fecha=02%2F10%2F2026,v1
2026-10-02,10011900210N,2027-02/2027-09,2072,294,magyp_fob,725f0634673b5215613110e1b9309ca40047d94558c4ce00ad73c207ec063482,3757cd2276e03658a695ccef3b31faf23131cdf219deef63b35407ed0ac4d29c,20261005T122622.736542Z_40910432ccd74beaa6570f010dabe9e4,2026-10-05T12:26:22.736542Z,50d94bd38b9b124f9f2c41e36f915f36c76057b037ad379bfcb4e067e45886d0,https://www.magyp.gob.ar/sitio/areas/ss_mercados_agropecuarios/ws/ssma/precios_fob.php?Fecha=02%2F10%2F2026,v1
2026-10-02,10011900229L,2026-10/2026-10,2072,309,magyp_fob,e844eacbe0926ae557c261ba60912b02382f1831ddc6dea85f2f2c1bd1cb48d4,5f41fde736cb045ca95d63611d423d14cad93ac8152ec5e98a409a76ee1ad77a,20261005T122622.736542Z_40910432ccd74beaa6570f010dabe9e4,2026-10-05T12:26:22.736542Z,50d94bd38b9b124f9f2c41e36f915f36c76057b037ad379bfcb4e067e45886d0,https://www.magyp.gob.ar/sitio/areas/ss_mercados_agropecuarios/ws/ssma/precios_fob.php?Fecha=02%2F10%2F2026,v1
2026-10-02,10011900229L,2026-11/2026-11,2072,303,magyp_fob,a10d931012023fb390c3f53684fb89094f40a19b04881c8d835250e1c6f565a9,53c17252149baa05ce6d3874bd770c5d6eb9abbea65f581972ce70842ffec0a4,20261005T122622.736542Z_40910432ccd74beaa6570f010dabe9e4,2026-10-05T12:26:22.736542Z,50d94bd38b9b124f9f2c41e36f915f36c76057b037ad379bfcb4e067e45886d0,https://www.magyp.gob.ar/sitio/areas/ss_mercados_agropecuarios/ws/ssma/precios_fob.php?Fecha=02%2F10%2F2026,v1
2026-10-02,10011900229L,2026-12/2026-12,2072,304,magyp_fob,a408e7a8f2454ecd3e4b58059b845d88a932302ae9e9256c1b108fdfce39e02b,7b31a55cf7693d16d7ad0f14e482582eefb0783c085ac69310c8cf4e07f4980c,20261005T122622.736542Z_40910432ccd74beaa6570f010dabe9e4,2026-10-05T12:26:22.736542Z,50d94bd38b9b124f9f2c41e36f915f36c76057b037ad379bfcb4e067e45886d0,https://www.magyp.gob.ar/sitio/areas/ss_mercados_agropecuarios/ws/ssma/precios_fob.php?Fecha=02%2F10%2F2026,v1
2026-10-02,10011900229L,2027-01/2027-01,2072,306,magyp_fob,ca264c82cdb152a43f4137e83e687175b619d16a99606c982338ec253344e668,6754240c76c708ce3a0691a93604bcea3b727cc481f4fc23aa578f039b3c31cc,20261005T122622.736542Z_40910432ccd74beaa6570f010dabe9e4,2026-10-05T12:26:22.736542Z,50d94bd38b9b124f9f2c41e36f915f36c76057b037ad379bfcb4e067e45886d0,https://www.magyp.gob.ar/sitio/areas/ss_mercados_agropecuarios/ws/ssma/precios_fob.php?Fecha=02%2F10%2F2026,v1
2026-10-02,10011900229L,2027-02/2027-09,2072,314,magyp_fob,4a547596cde9a8bcb59321ac020563b3a4c28d09e9357bfcf2987e390eafb913,df96ac6e7c3f63961ab0074df457a952afc0969dada25713b5beac6fde623aca,20261005T122622.736542Z_40910432ccd74beaa6570f010dabe9e4,2026-10-05T12:26:22.736542Z,50d94bd38b9b124f9f2c41e36f915f36c76057b037ad379bfcb4e067e45886d0,https://www.magyp.gob.ar/sitio/areas/ss_mercados_agropecuarios/ws/ssma/precios_fob.php?Fecha=02%2F10%2F2026,v1
2026-10-02,10011900910B,2026-10/2026-10,2072,289,magyp_fob,fef437dd683f27da2a4fb634127e5802f9bdbc721a07177469c159b13d77ceed,bee77a69cbabd42d7d77a09e5e66b357df67d4f17c08d175dfc4e25d418fc1e0,20261005T122622.736542Z_40910432ccd74beaa6570f010dabe9e4,2026-10-05T12:26:22.736542Z,50d94bd38b9b124f9f2c41e36f915f36c76057b037ad379bfcb4e067e45886d0,https://www.magyp.gob.ar/sitio/areas/ss_mercados_agropecuarios/ws/ssma/precios_fob.php?Fecha=02%2F10%2F2026,v1
2026-10-02,10011900910B,2026-11/2026-11,2072,283,magyp_fob,f20ebb259a7c63bf189385dc5c382898cb6f6ea81cf9989a5a7138e95c5c2ff6,d2bf7e4b256d66027d534231cb8b14ad4deb5bc45e2395bb0d50a248658e79b8,20261005T122622.736542Z_40910432ccd74beaa6570f010dabe9e4,2026-10-05T12:26:22.736542Z,50d94bd38b9b124f9f2c41e36f915f36c76057b037ad379bfcb4e067e45886d0,https://www.magyp.gob.ar/sitio/areas/ss_mercados_agropecuarios/ws/ssma/precios_fob.php?Fecha=02%2F10%2F2026,v1
2026-10-02,10011900910B,2026-12/2026-12,2072,284,magyp_fob,3af86b6d7a6f7bd5269f0c43b0e02d2e13b6d9098b7f5b39d970f70c7449dd9c,80216426995ea9b0df6c5338c204ca428fa55e34eedd8eb894d247ad21075eb9,20261005T122622.736542Z_40910432ccd74beaa6570f010dabe9e4,2026-10-05T12:26:22.736542Z,50d94bd38b9b124f9f2c41e36f915f36c76057b037ad379bfcb4e067e45886d0,https://www.magyp.gob.ar/sitio/areas/ss_mercados_agropecuarios/ws/ssma/precios_fob.php?Fecha=02%2F10%2F2026,v1
2026-10-02,10011900910B,2027-01/2027-01,2072,286,magyp_fob,387e9f072838a525d5bdfc9cc2e1562c67c8ed7ab383e88e6ff3ca63d608e0f4,1f53e98d7772dfd79f2b0a60dda83b222c075281d6768430e51b3d797e009c9f,20261005T122622.736542Z_40910432ccd74beaa6570f010dabe9e4,2026-10-05T12:26:22.736542Z,50d94bd38b9b124f9f2c41e36f915f36c76057b037ad379bfcb4e067e45886d0,https://www.magyp.gob.ar/sitio/areas/ss_mercados_agropecuarios/ws/ssma/precios_fob.php?Fecha=02%2F10%2F2026,v1
2026-10-02,10011900910B,2027-02/2027-09,2072,294,magyp_fob,2eaa6d8bfa14c17b29ceb38221cfbed4292176d436fea9d530e6f40d06d2ebe5,fcc5707102cdc2c06b55b149c5b205434adac72e366ff6baa9b440b460d23c98,20261005T122622.736542Z_40910432ccd74beaa6570f010dabe9e4,2026-10-05T12:26:22.736542Z,50d94bd38b9b124f9f2c41e36f915f36c76057b037ad379bfcb4e067e45886d0,https://www.magyp.gob.ar/sitio/areas/ss_mercados_agropecuarios/ws/ssma/precios_fob.php?Fecha=02%2F10%2F2026,v1
2026-10-02,10011900929Z,2026-10/2026-10,2072,309,magyp_fob,c2c8926f9a52cbff9d7704a1134f2654696cde9b7dac0617bde6725676a154bf,41f4f81876d13fa8ac7c28696a00ee263b1d778b97176014f4cf8c0883d2f54c,20261005T122622.736542Z_40910432ccd74beaa6570f010dabe9e4,2026-10-05T12:26:22.736542Z,50d94bd38b9b124f9f2c41e36f915f36c76057b037ad379bfcb4e067e45886d0,https://www.magyp.gob.ar/sitio/areas/ss_mercados_agropecuarios/ws/ssma/precios_fob.php?Fecha=02%2F10%2F2026,v1
2026-10-02,10011900929Z,2026-11/2026-11,2072,303,magyp_fob,0bd51117ae15f10b06c584b726a4b33146cea1e7ae3f7b806de7e773d4cb4461,2e813f583cc48335ebcd401548cf081069ca5697f38d44af8b995728d251abba,20261005T122622.736542Z_40910432ccd74beaa6570f010dabe9e4,2026-10-05T12:26:22.736542Z,50d94bd38b9b124f9f2c41e36f915f36c76057b037ad379bfcb4e067e45886d0,https://www.magyp.gob.ar/sitio/areas/ss_mercados_agropecuarios/ws/ssma/precios_fob.php?Fecha=02%2F10%2F2026,v1
2026-10-02,10011900929Z,2026-12/2026-12,2072,304,magyp_fob,cba97d1ecf6b7ed5f884b4ff9d33c35a4850a08d04c3ed2bc813baff7237db54,c414577ab99fd84717a61bb1ef5b1a42dc058cfaf55f513b927a2d5aecfb9fa1,20261005T122622.736542Z_40910432ccd74beaa6570f010dabe9e4,2026-10-05T12:26:22.736542Z,50d94bd38b9b124f9f2c41e36f915f36c76057b037ad379bfcb4e067e45886d0,https://www.magyp.gob.ar/sitio/areas/ss_mercados_agropecuarios/ws/ssma/precios_fob.php?Fecha=02%2F10%2F2026,v1
2026-10-02,10011900929Z,2027-01/2027-01,2072,306,magyp_fob,3d405b1f467c736a55b9eab9b69a81c076d0672632efd82203a1b0945e8814ef,8f644bd300776f7a1c315037690cdd6054ec505fe7f93d6fa109e3f6db5cb3f0,20261005T122622.736542Z_40910432ccd74beaa6570f010dabe9e4,2026-10-05T12:26:22.736542Z,50d94bd38b9b124f9f2c41e36f915f36c76057b037ad379bfcb4e067e45886d0,https://www.magyp.gob.ar/sitio/areas/ss_mercados_agropecuarios/ws/ssma/precios_fob.php?Fecha=02%2F10%2F2026,v1
2026-10-02,10011900929Z,2027-02/2027-09,2072,314,magyp_fob,5931d6a7f4a0c412f157749c8a8ec2ad77e6c573d3f7452ac477a54e9022dbb1,35b24bef032453a0210409b8bb8de32916bc56bf641943b0bd67cd38855883f0,20261005T122622.736542Z_40910432ccd74beaa6570f010dabe9e4,2026-10-05T12:26:22.736542Z,50d94bd38b9b124f9f2c41e36f915f36c76057b037ad379bfcb4e067e45886d0,https://www.magyp.gob.ar/sitio/areas/ss_mercados_agropecuarios/ws/ssma/precios_fob.php?Fecha=02%2F10%2F2026,v1
2026-10-02,10019900110W,2026-10/2026-10,2072,251,magyp_fob,029eba54dd5752f5a5d3ccf515a6067023d8f1d01b4e8b17800050172af246f0,942a622c44cb39f93e48cfc622ceb032ccd8ee47f90988d3c3b08caa612f2a45,20261005T122622.736542Z_40910432ccd74beaa6570f010dabe9e4,2026-10-05T12:26:22.736542Z,50d94bd38b9b124f9f2c41e36f915f36c76057b037ad379bfcb4e067e45886d0,https://www.magyp.gob.ar/sitio/areas/ss_mercados_agropecuarios/ws/ssma/precios_fob.php?Fecha=02%2F10%2F2026,v1
2026-10-02,10019900110W,2026-11/2026-11,2072,246,magyp_fob,5a29f35ce400774d639d21a4cca884fc40fc61f83bbaad6a23b694032a1e3e70,235f54f5ad1e26622fea365f26120c50c30049ec4c4a9c4d87ec911323555f2b,20261005T122622.736542Z_40910432ccd74beaa6570f010dabe9e4,2026-10-05T12:26:22.736542Z,50d94bd38b9b124f9f2c41e36f915f36c76057b037ad379bfcb4e067e45886d0,https://www.magyp.gob.ar/sitio/areas/ss_mercados_agropecuarios/ws/ssma/precios_fob.php?Fecha=02%2F10%2F2026,v1
2026-10-02,10019900110W,2026-12/2026-12,2072,247,magyp_fob,d6f983c4c7287e84365c5afacaefb31304f2e4544066754f147bdd6f3a3c39c1,542bf161c4d75d00ce266eee169b034894d334f23e7a50d8ae2275fb193d1454,20261005T122622.736542Z_40910432ccd74beaa6570f010dabe9e4,2026-10-05T12:26:22.736542Z,50d94bd38b9b124f9f2c41e36f915f36c76057b037ad379bfcb4e067e45886d0,https://www.magyp.gob.ar/sitio/areas/ss_mercados_agropecuarios/ws/ssma/precios_fob.php?Fecha=02%2F10%2F2026,v1
2026-10-02,10019900110W,2027-01/2027-01,2072,249,magyp_fob,d18bd6924ca742f8a725666f2be33b78170b4d6828dd394a0618458aed8e1da2,db51a3fe12b8e5f8d514e6f218530af6205ed84a0fa1cff33d88dfa4c0bd337c,20261005T122622.736542Z_40910432ccd74beaa6570f010dabe9e4,2026-10-05T12:26:22.736542Z,50d94bd38b9b124f9f2c41e36f915f36c76057b037ad379bfcb4e067e45886d0,https://www.magyp.gob.ar/sitio/areas/ss_mercados_agropecuarios/ws/ssma/precios_fob.php?Fecha=02%2F10%2F2026,v1
2026-10-02,10019900110W,2027-02/2027-09,2072,256,magyp_fob,648916b55a5d1662bccb53133a35f17af509ba2a893b4677e004b479063f052f,6eb930c26e3c37e7e0a19260cf88f3fe5c6785133395463a127d49f635264f01,20261005T122622.736542Z_40910432ccd74beaa6570f010dabe9e4,2026-10-05T12:26:22.736542Z,50d94bd38b9b124f9f2c41e36f915f36c76057b037ad379bfcb4e067e45886d0,https://www.magyp.gob.ar/sitio/areas/ss_mercados_agropecuarios/ws/ssma/precios_fob.php?Fecha=02%2F10%2F2026,v1
2026-10-02,10019900129U,2026-10/2026-10,2072,271,magyp_fob,d1fb24e64024cbfa27cfca85139b434fd93d90afadc883b611012a6bc4e7d178,50cf5671b56ce9723f3d718853bdd46c9b52fc5b4e7aca4a0383866f22e8fe11,20261005T122622.736542Z_40910432ccd74beaa6570f010dabe9e4,2026-10-05T12:26:22.736542Z,50d94bd38b9b124f9f2c41e36f915f36c76057b037ad379bfcb4e067e45886d0,https://www.magyp.gob.ar/sitio/areas/ss_mercados_agropecuarios/ws/ssma/precios_fob.php?Fecha=02%2F10%2F2026,v1
2026-10-02,10019900129U,2026-11/2026-11,2072,266,magyp_fob,7825a5b212ec20f988530c40e6215cb367febe756b1d4a64ca7d0c7f96403685,f1fc35f9fd227a588e76aa1180ba5d97586933bf4254c0685e0a9e66ce92a90c,20261005T122622.736542Z_40910432ccd74beaa6570f010dabe9e4,2026-10-05T12:26:22.736542Z,50d94bd38b9b124f9f2c41e36f915f36c76057b037ad379bfcb4e067e45886d0,https://www.magyp.gob.ar/sitio/areas/ss_mercados_agropecuarios/ws/ssma/precios_fob.php?Fecha=02%2F10%2F2026,v1
2026-10-02,10019900129U,2026-12/2026-12,2072,267,magyp_fob,74179ef8a37c2575216f3e1fbdcad95d8785d9f5170f6e91ddd4c7ff1d9a632c,350d2b8168988e7c71ffad6ddc7c6b838b0680a1ebc469dcc26f4f7b217d563e,20261005T122622.736542Z_40910432ccd74beaa6570f010dabe9e4,2026-10-05T12:26:22.736542Z,50d94bd38b9b124f9f2c41e36f915f36c76057b037ad379bfcb4e067e45886d0,https://www.magyp.gob.ar/sitio/areas/ss_mercados_agropecuarios/ws/ssma/precios_fob.php?Fecha=02%2F10%2F2026,v1
2026-10-02,10019900129U,2027-01/2027-01,2072,269,magyp_fob,2b51cd96129611ced7f777c60cdedb15e811d110c1bd6e3fd8164004efb9ed3e,056540589f2018539a0b33b6772203578cb1a73e0f4465ea62605c4241500876,20261005T122622.736542Z_40910432ccd74beaa6570f010dabe9e4,2026-10-05T12:26:22.736542Z,50d94bd38b9b124f9f2c41e36f915f36c76057b037ad379bfcb4e067e45886d0,https://www.magyp.gob.ar/sitio/areas/ss_mercados_agropecuarios/ws/ssma/precios_fob.php?Fecha=02%2F10%2F2026,v1
2026-10-02,10019900129U,2027-02/2027-09,2072,276,magyp_fob,17da8ceaebdeb9f0f1d42d83b5b07d6fa0fd6d396b5b45bc1161898376f769f9,d0fa4a0fba3d0851f93c3d1ecad4a0bb6d4c9336a3e3c01c96a7ac21ee9e710f,20261005T122622.736542Z_40910432ccd74beaa6570f010dabe9e4,2026-10-05T12:26:22.736542Z,50d94bd38b9b124f9f2c41e36f915f36c76057b037ad379bfcb4e067e45886d0,https://www.magyp.gob.ar/sitio/areas/ss_mercados_agropecuarios/ws/ssma/precios_fob.php?Fecha=02%2F10%2F2026,v1
2026-10-02,10039010100G,2026-10/2027-09,2072,269,magyp_fob,94a441fd27dec0e818f28dae11125ee692d8c4dea64d480b8be878b3aa47ee17,0517366b4308ec1297a99d4d434409ff537f082f05a9814829a28ced9aa893f8,20261005T122622.736542Z_40910432ccd74beaa6570f010dabe9e4,2026-10-05T12:26:22.736542Z,50d94bd38b9b124f9f2c41e36f915f36c76057b037ad379bfcb4e067e45886d0,https://www.magyp.gob.ar/sitio/areas/ss_mercados_agropecuarios/ws/ssma/precios_fob.php?Fecha=02%2F10%2F2026,v1
2026-10-02,10039010290R,2026-10/2027-09,2072,294,magyp_fob,e78010e9b729b6dc3946b30850b5ce3a71d8ee9928e35c41b7dee0051a0af543,7905776d3a47b8856a4a5556d051cc2a2028e74ed13dfa1577e94b65d7b99ff9,20261005T122622.736542Z_40910432ccd74beaa6570f010dabe9e4,2026-10-05T12:26:22.736542Z,50d94bd38b9b124f9f2c41e36f915f36c76057b037ad379bfcb4e067e45886d0,https://www.magyp.gob.ar/sitio/areas/ss_mercados_agropecuarios/ws/ssma/precios_fob.php?Fecha=02%2F10%2F2026,v1
2026-10-02,10039080100A,2026-10/2026-11,2072,235,magyp_fob,e20a842e7d41bcde6d1538f43dcacd2b82e94222c50be28185cad8b66d21493f,a3ae88f50c276c51612a13694067bb9cad5ebd3a71ab771c6f92086978ffef55,20261005T122622.736542Z_40910432ccd74beaa6570f010dabe9e4,2026-10-05T12:26:22.736542Z,50d94bd38b9b124f9f2c41e36f915f36c76057b037ad379bfcb4e067e45886d0,https://www.magyp.gob.ar/sitio/areas/ss_mercados_agropecuarios/ws/ssma/precios_fob.php?Fecha=02%2F10%2F2026,v1
2026-10-02,10039080100A,2026-12/2027-09,2072,240,magyp_fob,6132a51f2ce3cadf9e391c4883946acb85e70fa7aa718b5e8e6b073365a26e14,52408f65d49d0392ed8950310cc041969dbe4f86bd7d1bc85cf30499263ee076,20261005T122622.736542Z_40910432ccd74beaa6570f010dabe9e4,2026-10-05T12:26:22.736542Z,50d94bd38b9b124f9f2c41e36f915f36c76057b037ad379bfcb4e067e45886d0,https://www.magyp.gob.ar/sitio/areas/ss_mercados_agropecuarios/ws/ssma/precios_fob.php?Fecha=02%2F10%2F2026,v1
2026-10-02,10039080290K,2026-10/2026-11,2072,260,magyp_fob,f6dd54e30be11c4e509963551913fbdc21ed8efc9690711a8853a1301294053c,3c9f0f1c94ae551bec4481c4390109a7ded8ac72336af1e7591618ac82b9ba7e,20261005T122622.736542Z_40910432ccd74beaa6570f010dabe9e4,2026-10-05T12:26:22.736542Z,50d94bd38b9b124f9f2c41e36f915f36c76057b037ad379bfcb4e067e45886d0,https://www.magyp.gob.ar/sitio/areas/ss_mercados_agropecuarios/ws/ssma/precios_fob.php?Fecha=02%2F10%2F2026,v1
2026-10-02,10039080290K,2026-12/2027-09,2072,265,magyp_fob,42da6f14a5057a941a8c51dc600bb4b1299efb3dc433bb2306eeeeab264194f4,d4b6b67a07e2826c8e093e4e121cc3fae31e514dfaff42024307614fed9f2355,20261005T122622.736542Z_40910432ccd74beaa6570f010dabe9e4,2026-10-05T12:26:22.736542Z,50d94bd38b9b124f9f2c41e36f915f36c76057b037ad379bfcb4e067e45886d0,https://www.magyp.gob.ar/sitio/areas/ss_mercados_agropecuarios/ws/ssma/precios_fob.php?Fecha=02%2F10%2F2026,v1
2026-10-02,10059010120A,2026-10/2026-10,2072,222,magyp_fob,633d7832572fbd3114f31e30550c2ce77b688789e12f4760f4cf7f5376dfb081,b09e428df45aa44d9c9d8e148ba58c150f5088ebad64783ace011e23bc4cd854,20261005T122622.736542Z_40910432ccd74beaa6570f010dabe9e4,2026-10-05T12:26:22.736542Z,50d94bd38b9b124f9f2c41e36f915f36c76057b037ad379bfcb4e067e45886d0,https://www.magyp.gob.ar/sitio/areas/ss_mercados_agropecuarios/ws/ssma/precios_fob.php?Fecha=02%2F10%2F2026,v1
2026-10-02,10059010120A,2026-11/2026-11,2072,225,magyp_fob,e45e522c0bc1e20f3f9997cd42fa7bdc9e34275713ec1482636ecb4e826455f4,3c292b2a67e4e040d0fddf834c058a30c6f17d2293b52f2652212b48a1311e04,20261005T122622.736542Z_40910432ccd74beaa6570f010dabe9e4,2026-10-05T12:26:22.736542Z,50d94bd38b9b124f9f2c41e36f915f36c76057b037ad379bfcb4e067e45886d0,https://www.magyp.gob.ar/sitio/areas/ss_mercados_agropecuarios/ws/ssma/precios_fob.php?Fecha=02%2F10%2F2026,v1
2026-10-02,10059010120A,2026-12/2026-12,2072,229,magyp_fob,bed6a9a21408bc08a34250bf38124e1cc423058a005ff77e26cf4a8503b44d20,8a35b054726e0277c966b13d57876430585acecc4ec28473b725670d40c6ea1d,20261005T122622.736542Z_40910432ccd74beaa6570f010dabe9e4,2026-10-05T12:26:22.736542Z,50d94bd38b9b124f9f2c41e36f915f36c76057b037ad379bfcb4e067e45886d0,https://www.magyp.gob.ar/sitio/areas/ss_mercados_agropecuarios/ws/ssma/precios_fob.php?Fecha=02%2F10%2F2026,v1
2026-10-02,10059010120A,2027-01/2027-02,2072,239,magyp_fob,59eae0a94d2d2915d372901c6a3cb922393bb75e428fec4f338c988ba7be12fa,75c53fca878e1d482ae855e9e0d8ccac027572b4ba767f4748d9348862df0f30,20261005T122622.736542Z_40910432ccd74beaa6570f010dabe9e4,2026-10-05T12:26:22.736542Z,50d94bd38b9b124f9f2c41e36f915f36c76057b037ad379bfcb4e067e45886d0,https://www.magyp.gob.ar/sitio/areas/ss_mercados_agropecuarios/ws/ssma/precios_fob.php?Fecha=02%2F10%2F2026,v1
2026-10-02,10059010120A,2027-03/2027-06,2072,231,magyp_fob,24d28e80f16c42e06f306d23acc3c82e6345f45cee0d5f96241215c5bd8319ad,1b2c356952a7de0f071759214e3c56f09dd77193644a864813c0a90c6b2dbaf3,20261005T122622.736542Z_40910432ccd74beaa6570f010dabe9e4,2026-10-05T12:26:22.736542Z,50d94bd38b9b124f9f2c41e36f915f36c76057b037ad379bfcb4e067e45886d0,https://www.magyp.gob.ar/sitio/areas/ss_mercados_agropecuarios/ws/ssma/precios_fob.php?Fecha=02%2F10%2F2026,v1
2026-10-02,10059010120A,2027-07/2027-09,2072,230,magyp_fob,59f4b9be35443859809c431e23d38b37262a8d775c2ac29e9145a652082de38f,9e3204a19a0374e60a2e35bcaebbea3a76f6cd870fe796f1e19eaf48ad2b0698,20261005T122622.736542Z_40910432ccd74beaa6570f010dabe9e4,2026-10-05T12:26:22.736542Z,50d94bd38b9b124f9f2c41e36f915f36c76057b037ad379bfcb4e067e45886d0,https://www.magyp.gob.ar/sitio/areas/ss_mercados_agropecuarios/ws/ssma/precios_fob.php?Fecha=02%2F10%2F2026,v1
2026-10-02,10059010190Y,2026-10/2026-10,2072,213,magyp_fob,eee762f0c0fbad5feb5743c76a279ca48a6339d457c5b96c9dc053894414c937,32e38e6873fe12ddd2a788bb5440fadf246ee1e12a73c7ea726184e38a6bac8c,20261005T122622.736542Z_40910432ccd74beaa6570f010dabe9e4,2026-10-05T12:26:22.736542Z,50d94bd38b9b124f9f2c41e36f915f36c76057b037ad379bfcb4e067e45886d0,https://www.magyp.gob.ar/sitio/areas/ss_mercados_agropecuarios/ws/ssma/precios_fob.php?Fecha=02%2F10%2F2026,v1
2026-10-02,10059010190Y,2026-11/2026-11,2072,216,magyp_fob,65d6d0cfb1b0195c45a2a2dbb7dad9aa2f3737288a2bcf032619811345c49fea,f954b36b0c467c5cec30334ad950ec5c29cd80b4e5ca58afef4b965a6deabf4d,20261005T122622.736542Z_40910432ccd74beaa6570f010dabe9e4,2026-10-05T12:26:22.736542Z,50d94bd38b9b124f9f2c41e36f915f36c76057b037ad379bfcb4e067e45886d0,https://www.magyp.gob.ar/sitio/areas/ss_mercados_agropecuarios/ws/ssma/precios_fob.php?Fecha=02%2F10%2F2026,v1
2026-10-02,10059010190Y,2026-12/2026-12,2072,220,magyp_fob,25740382f4d3b0ad92c3a00cd9960e04414674787a583753d85ff6b17b5a4aca,968be37209222928d299cfc8ce50037f6750e72da220db9093239822d81c4880,20261005T122622.736542Z_40910432ccd74beaa6570f010dabe9e4,2026-10-05T12:26:22.736542Z,50d94bd38b9b124f9f2c41e36f915f36c76057b037ad379bfcb4e067e45886d0,https://www.magyp.gob.ar/sitio/areas/ss_mercados_agropecuarios/ws/ssma/precios_fob.php?Fecha=02%2F10%2F2026,v1
2026-10-02,10059010190Y,2027-01/2027-02,2072,230,magyp_fob,6158972fd5c760f1a3097d5b80cfd338c30587a36f06fb137b53d84433f1bb98,1e50533d83633b242b1f431ab4749a262d2220cc63d95db93e8caf095a9b99a6,20261005T122622.736542Z_40910432ccd74beaa6570f010dabe9e4,2026-10-05T12:26:22.736542Z,50d94bd38b9b124f9f2c41e36f915f36c76057b037ad379bfcb4e067e45886d0,https://www.magyp.gob.ar/sitio/areas/ss_mercados_agropecuarios/ws/ssma/precios_fob.php?Fecha=02%2F10%2F2026,v1
2026-10-02,10059010190Y,2027-03/2027-06,2072,222,magyp_fob,4a492bb7877294dae603cc8b45ebb74af8e4613b3eaaff31742d3d3620674ff7,5a185d455fa9aba4e6c0417f3dbf7a9ffed05bd0a7a8c532c32db323468cfa31,20261005T122622.736542Z_40910432ccd74beaa6570f010dabe9e4,2026-10-05T12:26:22.736542Z,50d94bd38b9b124f9f2c41e36f915f36c76057b037ad379bfcb4e067e45886d0,https://www.magyp.gob.ar/sitio/areas/ss_mercados_agropecuarios/ws/ssma/precios_fob.php?Fecha=02%2F10%2F2026,v1
2026-10-02,10059010190Y,2027-07/2027-09,2072,221,magyp_fob,a0fff653819b5879760b4273e89b062b47d3ba51ef571d33e8dce771266b0e82,40467bfe58a5ce0943ebc69e6949df2466d14b080796dc82561da2ef0b7e9548,20261005T122622.736542Z_40910432ccd74beaa6570f010dabe9e4,2026-10-05T12:26:22.736542Z,50d94bd38b9b124f9f2c41e36f915f36c76057b037ad379bfcb4e067e45886d0,https://www.magyp.gob.ar/sitio/areas/ss_mercados_agropecuarios/ws/ssma/precios_fob.php?Fecha=02%2F10%2F2026,v1
2026-10-02,10059010229A,2026-10/2026-10,2072,242,magyp_fob,b9e5fa2e8df31c70c1598fd0bd90c8fc82dbac68644e96ac5212fc8a0fc3009b,03e9cf4aa3dff66f617a6305600681ad911948479ab1638935fbda40bdea79c7,20261005T122622.736542Z_40910432ccd74beaa6570f010dabe9e4,2026-10-05T12:26:22.736542Z,50d94bd38b9b124f9f2c41e36f915f36c76057b037ad379bfcb4e067e45886d0,https://www.magyp.gob.ar/sitio/areas/ss_mercados_agropecuarios/ws/ssma/precios_fob.php?Fecha=02%2F10%2F2026,v1
2026-10-02,10059010229A,2026-11/2026-11,2072,245,magyp_fob,abe483c5d72c102de6a7cd719e2f08ebc1e2617f72b9ffebd1d1f6562b7cbba8,d4a4ada538cd609f2af7406ef24e59b0ac9e82fda1be6fefd8f593e85b5aea90,20261005T122622.736542Z_40910432ccd74beaa6570f010dabe9e4,2026-10-05T12:26:22.736542Z,50d94bd38b9b124f9f2c41e36f915f36c76057b037ad379bfcb4e067e45886d0,https://www.magyp.gob.ar/sitio/areas/ss_mercados_agropecuarios/ws/ssma/precios_fob.php?Fecha=02%2F10%2F2026,v1
2026-10-02,10059010229A,2026-12/2026-12,2072,249,magyp_fob,d53885f24466e5049914f980fe8ddb0b047e0b898bb1c9ede722a86f70fb6616,fa83324372a26ee17f14d0d646fd80ed9f839b4a651ddc0c26ed2a87ea19b1f8,20261005T122622.736542Z_40910432ccd74beaa6570f010dabe9e4,2026-10-05T12:26:22.736542Z,50d94bd38b9b124f9f2c41e36f915f36c76057b037ad379bfcb4e067e45886d0,https://www.magyp.gob.ar/sitio/areas/ss_mercados_agropecuarios/ws/ssma/precios_fob.php?Fecha=02%2F10%2F2026,v1
2026-10-02,10059010229A,2027-01/2027-02,2072,259,magyp_fob,fc7cf891f79ebc8b46e4ed7a68997c2293249db76c6f2aeeb2ef6996b4001589,dfab4d715fc3951884b1062a82bade9269563407a4f732d9d151b5995ea30b60,20261005T122622.736542Z_40910432ccd74beaa6570f010dabe9e4,2026-10-05T12:26:22.736542Z,50d94bd38b9b124f9f2c41e36f915f36c76057b037ad379bfcb4e067e45886d0,https://www.magyp.gob.ar/sitio/areas/ss_mercados_agropecuarios/ws/ssma/precios_fob.php?Fecha=02%2F10%2F2026,v1
2026-10-02,10059010229A,2027-03/2027-06,2072,251,magyp_fob,4dcdca20dc792e13f383d0efa4ae1dd31a1fc2fb37f7ab1c3836e474b2c165ff,5c56402464b63edbde220ebacaa41808b0945922b56f0fce69a1daa634ad33f9,20261005T122622.736542Z_40910432ccd74beaa6570f010dabe9e4,2026-10-05T12:26:22.736542Z,50d94bd38b9b124f9f2c41e36f915f36c76057b037ad379bfcb4e067e45886d0,https://www.magyp.gob.ar/sitio/areas/ss_mercados_agropecuarios/ws/ssma/precios_fob.php?Fecha=02%2F10%2F2026,v1
2026-10-02,10059010229A,2027-07/2027-09,2072,250,magyp_fob,4ba9157734837ac55ab0665e8d48f45c4f0b2abb71b042f5146e18564e89d5e5,9fe30339a711f24c2e93fb2b36bf3b154e51d713e5235c2cf5d31d09b7dc4672,20261005T122622.736542Z_40910432ccd74beaa6570f010dabe9e4,2026-10-05T12:26:22.736542Z,50d94bd38b9b124f9f2c41e36f915f36c76057b037ad379bfcb4e067e45886d0,https://www.magyp.gob.ar/sitio/areas/ss_mercados_agropecuarios/ws/ssma/precios_fob.php?Fecha=02%2F10%2F2026,v1
2026-10-02,10059010299Y,2026-10/2026-10,2072,233,magyp_fob,ee2c1d46e628c570f8bad5a078aaf6841cc6fbe79136ee0fd4145b81afe83710,58d89e5be2ff51358c8037f2090dbe239eee889d2a411842f44aa5a957cd334a,20261005T122622.736542Z_40910432ccd74beaa6570f010dabe9e4,2026-10-05T12:26:22.736542Z,50d94bd38b9b124f9f2c41e36f915f36c76057b037ad379bfcb4e067e45886d0,https://www.magyp.gob.ar/sitio/areas/ss_mercados_agropecuarios/ws/ssma/precios_fob.php?Fecha=02%2F10%2F2026,v1
2026-10-02,10059010299Y,2026-11/2026-11,2072,236,magyp_fob,04921575840ec6e35bc247639a1db6456a738d06fa1eade1041f3fc8a53ce2d6,1ea2b29c2d41ab6e1c34c7dc5d28a7782f9745b032fcfb7726f7d8dcd6410737,20261005T122622.736542Z_40910432ccd74beaa6570f010dabe9e4,2026-10-05T12:26:22.736542Z,50d94bd38b9b124f9f2c41e36f915f36c76057b037ad379bfcb4e067e45886d0,https://www.magyp.gob.ar/sitio/areas/ss_mercados_agropecuarios/ws/ssma/precios_fob.php?Fecha=02%2F10%2F2026,v1
2026-10-02,10059010299Y,2026-12/2026-12,2072,240,magyp_fob,16ed0a602e10cbe5f004ec6c400d8b60916cf1821311a4dca12ee53e95d28c34,02123644220af9f43c6849dbeb745969d9353f075c8fcb995ae634f802fd3c87,20261005T122622.736542Z_40910432ccd74beaa6570f010dabe9e4,2026-10-05T12:26:22.736542Z,50d94bd38b9b124f9f2c41e36f915f36c76057b037ad379bfcb4e067e45886d0,https://www.magyp.gob.ar/sitio/areas/ss_mercados_agropecuarios/ws/ssma/precios_fob.php?Fecha=02%2F10%2F2026,v1
2026-10-02,10059010299Y,2027-01/2027-02,2072,250,magyp_fob,7cdd02c28d999b63a0e1e2e952265a20f2e9a7d76b77166c1b1c3bdba7add8e7,a081f91a755593467bd6cf0f0ae80822594b11c4f2abf98a0105623fba111be8,20261005T122622.736542Z_40910432ccd74beaa6570f010dabe9e4,2026-10-05T12:26:22.736542Z,50d94bd38b9b124f9f2c41e36f915f36c76057b037ad379bfcb4e067e45886d0,https://www.magyp.gob.ar/sitio/areas/ss_mercados_agropecuarios/ws/ssma/precios_fob.php?Fecha=02%2F10%2F2026,v1
2026-10-02,10059010299Y,2027-03/2027-06,2072,242,magyp_fob,257afb08e8a926988098cd92ce6b83cd97d3e97999bfb09d7477e7c2795d25b5,57bf1346911cf3005561188e0f88245e80fead3369a0813612784b024f513070,20261005T122622.736542Z_40910432ccd74beaa6570f010dabe9e4,2026-10-05T12:26:22.736542Z,50d94bd38b9b124f9f2c41e36f915f36c76057b037ad379bfcb4e067e45886d0,https://www.magyp.gob.ar/sitio/areas/ss_mercados_agropecuarios/ws/ssma/precios_fob.php?Fecha=02%2F10%2F2026,v1
2026-10-02,10059010299Y,2027-07/2027-09,2072,241,magyp_fob,df06302cc3c380204778751276244d350be53cfa49b4543dfac7450f45bc772a,1298206c7b4fef248b68a915b87caba1260a2fe026c83fc07bf0cd28756ab891,20261005T122622.736542Z_40910432ccd74beaa6570f010dabe9e4,2026-10-05T12:26:22.736542Z,50d94bd38b9b124f9f2c41e36f915f36c76057b037ad379bfcb4e067e45886d0,https://www.magyp.gob.ar/sitio/areas/ss_mercados_agropecuarios/ws/ssma/precios_fob.php?Fecha=02%2F10%2F2026,v1
2026-10-02,10079000100W,2026-10/2027-09,2072,220,magyp_fob,eae74cedbf8229bd10827d64f07db05defee1274eee67cfee91573ec646c850d,eeec462d471c9bd834537977b55626c5930dbaab4aa4c693ebeb4f6203a3299e,20261005T122622.736542Z_40910432ccd74beaa6570f010dabe9e4,2026-10-05T12:26:22.736542Z,50d94bd38b9b124f9f2c41e36f915f36c76057b037ad379bfcb4e067e45886d0,https://www.magyp.gob.ar/sitio/areas/ss_mercados_agropecuarios/ws/ssma/precios_fob.php?Fecha=02%2F10%2F2026,v1
2026-10-02,10079000290F,2026-10/2027-09,2072,240,magyp_fob,9280caa5cfe367f6fd9c7288ef09c56f352e59cdfdea9a1f5f4ad649c056702a,f3469c6890d0deef6646d4fe9d6e6572cd14956ac60b777193bc50485f71f3e9,20261005T122622.736542Z_40910432ccd74beaa6570f010dabe9e4,2026-10-05T12:26:22.736542Z,50d94bd38b9b124f9f2c41e36f915f36c76057b037ad379bfcb4e067e45886d0,https://www.magyp.gob.ar/sitio/areas/ss_mercados_agropecuarios/ws/ssma/precios_fob.php?Fecha=02%2F10%2F2026,v1
2026-10-02,11010010120F,2026-10/2027-09,2072,365,magyp_fob,02cdece7b0038c64c076970930ea14840c31def8c13aeb52280de653a01a8c5b,56abaa29b66d9b77181a3da49cfd06d9d4791c4d80be68c202d0461d15386489,20261005T122622.736542Z_40910432ccd74beaa6570f010dabe9e4,2026-10-05T12:26:22.736542Z,50d94bd38b9b124f9f2c41e36f915f36c76057b037ad379bfcb4e067e45886d0,https://www.magyp.gob.ar/sitio/areas/ss_mercados_agropecuarios/ws/ssma/precios_fob.php?Fecha=02%2F10%2F2026,v1
2026-10-02,11010010190D,2026-10/2027-09,2072,365,magyp_fob,5183bbc767f66fd4268a9141cd6be75414a0db32fa91b502a5867ca89850d27b,30b6888c15920ae731ced95a391d15d86e8dea481d2cc3a28c09851677beee5f,20261005T122622.736542Z_40910432ccd74beaa6570f010dabe9e4,2026-10-05T12:26:22.736542Z,50d94bd38b9b124f9f2c41e36f915f36c76057b037ad379bfcb4e067e45886d0,https://www.magyp.gob.ar/sitio/areas/ss_mercados_agropecuarios/ws/ssma/precios_fob.php?Fecha=02%2F10%2F2026,v1
2026-10-02,11010010920Z,2026-10/2027-09,2072,365,magyp_fob,c55493c178527b04a8dcba2869c830437f0055e0c53186683c4402ba2935109d,0a0aee92d27b412d201f0bb87aee0bf4538e31147e4bc785c749f62e0eb48ccb,20261005T122622.736542Z_40910432ccd74beaa6570f010dabe9e4,2026-10-05T12:26:22.736542Z,50d94bd38b9b124f9f2c41e36f915f36c76057b037ad379bfcb4e067e45886d0,https://www.magyp.gob.ar/sitio/areas/ss_mercados_agropecuarios/ws/ssma/precios_fob.php?Fecha=02%2F10%2F2026,v1
2026-10-02,11010010990X,2026-10/2027-09,2072,365,magyp_fob,34e69beca98420703962b8684596027ba1b38337eb486eb09aaebc54258e52bf,e9be2fbf9f08eaae256dd708fd61309457a06e34e8e40ede187f5bb60f4af2e2,20261005T122622.736542Z_40910432ccd74beaa6570f010dabe9e4,2026-10-05T12:26:22.736542Z,50d94bd38b9b124f9f2c41e36f915f36c76057b037ad379bfcb4e067e45886d0,https://www.magyp.gob.ar/sitio/areas/ss_mercados_agropecuarios/ws/ssma/precios_fob.php?Fecha=02%2F10%2F2026,v1
2026-10-02,11042300100J,2026-10/2026-10,2072,218,magyp_fob,2edf935f6922b7de936b3384e43d41b3ddd0a7ae1c5473aa16d4fc1df789e4ca,96d1c0abbe48000484d3b76177f7bdce97d5d9c493666faf4fd409db8489324e,20261005T122622.736542Z_40910432ccd74beaa6570f010dabe9e4,2026-10-05T12:26:22.736542Z,50d94bd38b9b124f9f2c41e36f915f36c76057b037ad379bfcb4e067e45886d0,https://www.magyp.gob.ar/sitio/areas/ss_mercados_agropecuarios/ws/ssma/precios_fob.php?Fecha=02%2F10%2F2026,v1
2026-10-02,11042300100J,2026-11/2026-11,2072,221,magyp_fob,cc5e9775e6d80f1e976b717cb52165cae806460dc917b39a7de267aa0995dcc1,227c20a851ae86037e7948a8946b178a739752b35ebc80fce72e785822d48574,20261005T122622.736542Z_40910432ccd74beaa6570f010dabe9e4,2026-10-05T12:26:22.736542Z,50d94bd38b9b124f9f2c41e36f915f36c76057b037ad379bfcb4e067e45886d0,https://www.magyp.gob.ar/sitio/areas/ss_mercados_agropecuarios/ws/ssma/precios_fob.php?Fecha=02%2F10%2F2026,v1
2026-10-02,11042300100J,2026-12/2026-12,2072,225,magyp_fob,135e08a135f13bc5fdc2feece00bead4996a3cdceadde8569f3d35999d07bcf3,c6b290be38158e9637d56ff4ad0226430c5b4db5632219ca654f453664a31a80,20261005T122622.736542Z_40910432ccd74beaa6570f010dabe9e4,2026-10-05T12:26:22.736542Z,50d94bd38b9b124f9f2c41e36f915f36c76057b037ad379bfcb4e067e45886d0,https://www.magyp.gob.ar/sitio/areas/ss_mercados_agropecuarios/ws/ssma/precios_fob.php?Fecha=02%2F10%2F2026,v1
2026-10-02,11042300100J,2027-01/2027-02,2072,235,magyp_fob,12360afb420bb195f98e34b43b188d3f57f721626ec4023caca9793146762f53,5e9a714acc92ba9856d3ffb7ab896280c5c97742a2239eeede382b129e16334a,20261005T122622.736542Z_40910432ccd74beaa6570f010dabe9e4,2026-10-05T12:26:22.736542Z,50d94bd38b9b124f9f2c41e36f915f36c76057b037ad379bfcb4e067e45886d0,https://www.magyp.gob.ar/sitio/areas/ss_mercados_agropecuarios/ws/ssma/precios_fob.php?Fecha=02%2F10%2F2026,v1
2026-10-02,11042300100J,2027-03/2027-06,2072,227,magyp_fob,794f9ef924171595dcf30ead32328ce7b6aef785b792636ef6ccf8679bdf2091,1e631ddf6812c7374ad8427514e52538c1779fb73f19266b1405216d6b2ac2b4,20261005T122622.736542Z_40910432ccd74beaa6570f010dabe9e4,2026-10-05T12:26:22.736542Z,50d94bd38b9b124f9f2c41e36f915f36c76057b037ad379bfcb4e067e45886d0,https://www.magyp.gob.ar/sitio/areas/ss_mercados_agropecuarios/ws/ssma/precios_fob.php?Fecha=02%2F10%2F2026,v1
2026-10-02,11042300100J,2027-07/2027-09,2072,226,magyp_fob,6214ef8b0bb1a65d888bde8e289cbd72d9a2aa687ce74e53f3e2f6570d23dbb5,12e1b67cd76b3348de0133712a43c2d5582c5e79bbcc6922644c7b99c4457d1d,20261005T122622.736542Z_40910432ccd74beaa6570f010dabe9e4,2026-10-05T12:26:22.736542Z,50d94bd38b9b124f9f2c41e36f915f36c76057b037ad379bfcb4e067e45886d0,https://www.magyp.gob.ar/sitio/areas/ss_mercados_agropecuarios/ws/ssma/precios_fob.php?Fecha=02%2F10%2F2026,v1
2026-10-02,12019000190C,2026-10/2026-10,2072,497,magyp_fob,0f329a67500ec2b3838847860670a94b6d893e647287c6778504ba63ea81f688,97177494b582c44c1944c7a9f446ba6ebd2e5a9d826c02f29f5df9d7a99c42e7,20261005T122622.736542Z_40910432ccd74beaa6570f010dabe9e4,2026-10-05T12:26:22.736542Z,50d94bd38b9b124f9f2c41e36f915f36c76057b037ad379bfcb4e067e45886d0,https://www.magyp.gob.ar/sitio/areas/ss_mercados_agropecuarios/ws/ssma/precios_fob.php?Fecha=02%2F10%2F2026,v1
2026-10-02,12019000190C,2026-11/2027-09,2072,498,magyp_fob,626de941c7eca2d9be90781631f8be4d246f4bae94e8f08c6ce05c214f3e805e,c1bf06afe2cf939ecbac57301f86431360ac525d5157c42262d34f2766b9578c,20261005T122622.736542Z_40910432ccd74beaa6570f010dabe9e4,2026-10-05T12:26:22.736542Z,50d94bd38b9b124f9f2c41e36f915f36c76057b037ad379bfcb4e067e45886d0,https://www.magyp.gob.ar/sitio/areas/ss_mercados_agropecuarios/ws/ssma/precios_fob.php?Fecha=02%2F10%2F2026,v1
2026-10-02,12019000299C,2026-10/2026-10,2072,517,magyp_fob,05f7a8a0a8bb62651c16ede4738385f1989c419f3334314aa61cc831a24e2d6f,4ac22fa57d2912252cd60cafc24d43cf8ffbaa03c271ad6b100c012af4d07761,20261005T122622.736542Z_40910432ccd74beaa6570f010dabe9e4,2026-10-05T12:26:22.736542Z,50d94bd38b9b124f9f2c41e36f915f36c76057b037ad379bfcb4e067e45886d0,https://www.magyp.gob.ar/sitio/areas/ss_mercados_agropecuarios/ws/ssma/precios_fob.php?Fecha=02%2F10%2F2026,v1
2026-10-02,12019000299C,2026-11/2027-09,2072,518,magyp_fob,9e3e13719cb42884cf892fd69932a0f77a01a605c91c73d4d6841bf26c31a91b,de9a897135ee471de31973e9de943f6a853654e7644e7927f140a5d423a5a3a0,20261005T122622.736542Z_40910432ccd74beaa6570f010dabe9e4,2026-10-05T12:26:22.736542Z,50d94bd38b9b124f9f2c41e36f915f36c76057b037ad379bfcb4e067e45886d0,https://www.magyp.gob.ar/sitio/areas/ss_mercados_agropecuarios/ws/ssma/precios_fob.php?Fecha=02%2F10%2F2026,v1
2026-10-02,12060090290L,2026-10/2027-09,2072,756,magyp_fob,84e13a27ff1595f27f22fa4290233f73062b95a6692806dd22730c618ee55e28,11fbf1cf8bb818aa63f9084805d5f1509d77f68708988257a980840ed8d8e471,20261005T122622.736542Z_40910432ccd74beaa6570f010dabe9e4,2026-10-05T12:26:22.736542Z,50d94bd38b9b124f9f2c41e36f915f36c76057b037ad379bfcb4e067e45886d0,https://www.magyp.gob.ar/sitio/areas/ss_mercados_agropecuarios/ws/ssma/precios_fob.php?Fecha=02%2F10%2F2026,v1
2026-10-02,12060090910Y,2026-10/2027-09,2072,569,magyp_fob,1e193e75afd047e4976914bab139794d31e4adfda179bb85abb70ee77a16a023,9ad8bc66c1f4ff76878d4dda3099a065845a72862795ac2bb7f5697332f37507,20261005T122622.736542Z_40910432ccd74beaa6570f010dabe9e4,2026-10-05T12:26:22.736542Z,50d94bd38b9b124f9f2c41e36f915f36c76057b037ad379bfcb4e067e45886d0,https://www.magyp.gob.ar/sitio/areas/ss_mercados_agropecuarios/ws/ssma/precios_fob.php?Fecha=02%2F10%2F2026,v1
2026-10-02,12060090929W,2026-10/2027-09,2072,589,magyp_fob,4004e75f61b0d62678af599bd4f676ee0abb8d03927d474f44678f2995fea4c4,c355a48523e30709a083f8d2528fcc8aac482f7459aa670de5cf3abee320257e,20261005T122622.736542Z_40910432ccd74beaa6570f010dabe9e4,2026-10-05T12:26:22.736542Z,50d94bd38b9b124f9f2c41e36f915f36c76057b037ad379bfcb4e067e45886d0,https://www.magyp.gob.ar/sitio/areas/ss_mercados_agropecuarios/ws/ssma/precios_fob.php?Fecha=02%2F10%2F2026,v1
2026-10-02,15071000100Q,2026-10/2026-10,2072,1216,magyp_fob,e8ec431a04aef1c9c0e45e0c453b2199856395fb1c839d8b55b96aae41bc9725,e423e19b7990a6c61953541ac2382caa7efab04ae84a542fec9dcd9bafa9551f,20261005T122622.736542Z_40910432ccd74beaa6570f010dabe9e4,2026-10-05T12:26:22.736542Z,50d94bd38b9b124f9f2c41e36f915f36c76057b037ad379bfcb4e067e45886d0,https://www.magyp.gob.ar/sitio/areas/ss_mercados_agropecuarios/ws/ssma/precios_fob.php?Fecha=02%2F10%2F2026,v1
2026-10-02,15071000100Q,2026-11/2026-11,2072,1220,magyp_fob,8e14192d9be75294168014c2444d804de70917287e1956eedc3615f3dcd6b578,254536e5fb94c0706421b39692edfb0f4b029ebc10e088e282de9eed3f66e544,20261005T122622.736542Z_40910432ccd74beaa6570f010dabe9e4,2026-10-05T12:26:22.736542Z,50d94bd38b9b124f9f2c41e36f915f36c76057b037ad379bfcb4e067e45886d0,https://www.magyp.gob.ar/sitio/areas/ss_mercados_agropecuarios/ws/ssma/precios_fob.php?Fecha=02%2F10%2F2026,v1
2026-10-02,15071000100Q,2026-12/2026-12,2072,1218,magyp_fob,a30484c763b8c05fd19ea9647a987289da9c40f1e2d8f5ef17211969fc33176a,5f1f99ed01abd178aa185e432c8795008aa70a26b1b9ba4a36cf272d1fb26e4a,20261005T122622.736542Z_40910432ccd74beaa6570f010dabe9e4,2026-10-05T12:26:22.736542Z,50d94bd38b9b124f9f2c41e36f915f36c76057b037ad379bfcb4e067e45886d0,https://www.magyp.gob.ar/sitio/areas/ss_mercados_agropecuarios/ws/ssma/precios_fob.php?Fecha=02%2F10%2F2026,v1
2026-10-02,15071000100Q,2027-01/2027-01,2072,1215,magyp_fob,0d98b19cd3023690da1b32a03466898f434a0f62e8e88afadf729aa658470779,4e14041ee857598cfc4a33afa6f097ec854ebf261e7c6f2eb4e85e4bf9ac4463,20261005T122622.736542Z_40910432ccd74beaa6570f010dabe9e4,2026-10-05T12:26:22.736542Z,50d94bd38b9b124f9f2c41e36f915f36c76057b037ad379bfcb4e067e45886d0,https://www.magyp.gob.ar/sitio/areas/ss_mercados_agropecuarios/ws/ssma/precios_fob.php?Fecha=02%2F10%2F2026,v1
2026-10-02,15071000100Q,2027-02/2027-02,2072,1214,magyp_fob,cf92e52d6a344f783d231f4b914e6c2b39c7853a16f6c8864b772bcbc8209a33,2dc126499efc03a54b33229084345eaf785f0514fba9ca7aded016fa4af83a61,20261005T122622.736542Z_40910432ccd74beaa6570f010dabe9e4,2026-10-05T12:26:22.736542Z,50d94bd38b9b124f9f2c41e36f915f36c76057b037ad379bfcb4e067e45886d0,https://www.magyp.gob.ar/sitio/areas/ss_mercados_agropecuarios/ws/ssma/precios_fob.php?Fecha=02%2F10%2F2026,v1
2026-10-02,15071000100Q,2027-03/2027-03,2072,1215,magyp_fob,60e0289ad052069cdf9220373624d6ce02949a2d577273601d8e6c5fcd4e0015,ffb46759e04a00cf9aae0f206c504c782f63163d1f018ab5645cbc82371819d3,20261005T122622.736542Z_40910432ccd74beaa6570f010dabe9e4,2026-10-05T12:26:22.736542Z,50d94bd38b9b124f9f2c41e36f915f36c76057b037ad379bfcb4e067e45886d0,https://www.magyp.gob.ar/sitio/areas/ss_mercados_agropecuarios/ws/ssma/precios_fob.php?Fecha=02%2F10%2F2026,v1
2026-10-02,15071000100Q,2027-04/2027-09,2072,1204,magyp_fob,1dbb253465c4fef25017882ed87f2e484afbf4d13f66a95911cb90587766f8a2,07827d69adb59d28b58fef07d175f0a5837e4bf032f1c9dfee5725823d0f8a1b,20261005T122622.736542Z_40910432ccd74beaa6570f010dabe9e4,2026-10-05T12:26:22.736542Z,50d94bd38b9b124f9f2c41e36f915f36c76057b037ad379bfcb4e067e45886d0,https://www.magyp.gob.ar/sitio/areas/ss_mercados_agropecuarios/ws/ssma/precios_fob.php?Fecha=02%2F10%2F2026,v1
2026-10-02,15079019100G,2026-10/2026-10,2072,1259,magyp_fob,9fb88eba15c04809b2e323d486d5df30f16bfcafc42f3a60677a0872d404a11c,a56ea89ab9c31b9148578affdc7db59b1c7e2b669930ad5c049cc43fa82a9d50,20261005T122622.736542Z_40910432ccd74beaa6570f010dabe9e4,2026-10-05T12:26:22.736542Z,50d94bd38b9b124f9f2c41e36f915f36c76057b037ad379bfcb4e067e45886d0,https://www.magyp.gob.ar/sitio/areas/ss_mercados_agropecuarios/ws/ssma/precios_fob.php?Fecha=02%2F10%2F2026,v1
2026-10-02,15079019100G,2026-11/2026-11,2072,1263,magyp_fob,9af42081a18e00d4295e36cca3008d2b496d3495dd602625106eda780c91c1c2,9ed84f9f588aacafc3e2a85bcc940c6eb4fbc2949b0932c2eedd688e3990a235,20261005T122622.736542Z_40910432ccd74beaa6570f010dabe9e4,2026-10-05T12:26:22.736542Z,50d94bd38b9b124f9f2c41e36f915f36c76057b037ad379bfcb4e067e45886d0,https://www.magyp.gob.ar/sitio/areas/ss_mercados_agropecuarios/ws/ssma/precios_fob.php?Fecha=02%2F10%2F2026,v1
2026-10-02,15079019100G,2026-12/2026-12,2072,1261,magyp_fob,5ff29b4da77a9d74865f44c93deb27d21926eda7a7e24a19d5f2497d6ffc838d,efb3c9e9c64cd7aa82189ce0e9bf6fcaffcc734c537a34e38038d8a21f1462de,20261005T122622.736542Z_40910432ccd74beaa6570f010dabe9e4,2026-10-05T12:26:22.736542Z,50d94bd38b9b124f9f2c41e36f915f36c76057b037ad379bfcb4e067e45886d0,https://www.magyp.gob.ar/sitio/areas/ss_mercados_agropecuarios/ws/ssma/precios_fob.php?Fecha=02%2F10%2F2026,v1
2026-10-02,15079019100G,2027-01/2027-01,2072,1258,magyp_fob,fead441eefa2c14e6f3c22157c639fc2abda4e975851d76e231f440c8781d273,0989bd3839b358a27eeeaf32b070ab8efc9fcc6919baa64314adff7317287f43,20261005T122622.736542Z_40910432ccd74beaa6570f010dabe9e4,2026-10-05T12:26:22.736542Z,50d94bd38b9b124f9f2c41e36f915f36c76057b037ad379bfcb4e067e45886d0,https://www.magyp.gob.ar/sitio/areas/ss_mercados_agropecuarios/ws/ssma/precios_fob.php?Fecha=02%2F10%2F2026,v1
2026-10-02,15079019100G,2027-02/2027-02,2072,1256,magyp_fob,523b864ba3761dacdc4cf88b339736beb4a3cea5105f84a482b149a43ac8e2b3,a7673f63f62e756c187610dad8f9575e9adbc2387f32f2599b303331866dacd9,20261005T122622.736542Z_40910432ccd74beaa6570f010dabe9e4,2026-10-05T12:26:22.736542Z,50d94bd38b9b124f9f2c41e36f915f36c76057b037ad379bfcb4e067e45886d0,https://www.magyp.gob.ar/sitio/areas/ss_mercados_agropecuarios/ws/ssma/precios_fob.php?Fecha=02%2F10%2F2026,v1
2026-10-02,15079019100G,2027-03/2027-03,2072,1258,magyp_fob,15ac50c1e66c95bcdeb5f55aebecd032379e78b1b83b1b8391f1ac47abfc3380,28d67810fd9d04ff4121303b6c37f2d34486a275bafaf66241ee8ec9accd2308,20261005T122622.736542Z_40910432ccd74beaa6570f010dabe9e4,2026-10-05T12:26:22.736542Z,50d94bd38b9b124f9f2c41e36f915f36c76057b037ad379bfcb4e067e45886d0,https://www.magyp.gob.ar/sitio/areas/ss_mercados_agropecuarios/ws/ssma/precios_fob.php?Fecha=02%2F10%2F2026,v1
2026-10-02,15079019100G,2027-04/2027-09,2072,1246,magyp_fob,6376a71e12918fb8e14106f36de3fc314f460fd8df9c1d40da5a52c9f9c9b957,09839b004995881e8515aff45b6ee704ecab021b73b684723954cec12c15a400,20261005T122622.736542Z_40910432ccd74beaa6570f010dabe9e4,2026-10-05T12:26:22.736542Z,50d94bd38b9b124f9f2c41e36f915f36c76057b037ad379bfcb4e067e45886d0,https://www.magyp.gob.ar/sitio/areas/ss_mercados_agropecuarios/ws/ssma/precios_fob.php?Fecha=02%2F10%2F2026,v1
2026-10-02,15079019210Q,2026-10/2026-10,2072,1369,magyp_fob,3b5e1e7e28fc378aaaf5913b451bbabbef3a254564c617f75093da3c5483e7eb,7018e64ccdf623d8de3d8012ed8f503f6f15a39666a315d326e4d563370a8f13,20261005T122622.736542Z_40910432ccd74beaa6570f010dabe9e4,2026-10-05T12:26:22.736542Z,50d94bd38b9b124f9f2c41e36f915f36c76057b037ad379bfcb4e067e45886d0,https://www.magyp.gob.ar/sitio/areas/ss_mercados_agropecuarios/ws/ssma/precios_fob.php?Fecha=02%2F10%2F2026,v1
2026-10-02,15079019210Q,2026-11/2026-11,2072,1373,magyp_fob,4fcd269352d8acfa6f39eb37699bca7435af7f9a48c1693de0773c57c303f624,9471d46659d915f59277845a02a2f9eae3d79c46963819d984b916b0e30108a9,20261005T122622.736542Z_40910432ccd74beaa6570f010dabe9e4,2026-10-05T12:26:22.736542Z,50d94bd38b9b124f9f2c41e36f915f36c76057b037ad379bfcb4e067e45886d0,https://www.magyp.gob.ar/sitio/areas/ss_mercados_agropecuarios/ws/ssma/precios_fob.php?Fecha=02%2F10%2F2026,v1
2026-10-02,15079019210Q,2026-12/2026-12,2072,1371,magyp_fob,8d81b26fbe64954f35524ad8d69284408018f752bf7cbcd608b6f497af7d340c,c67ab2caa04128f5f35b30deab6a1af5608e27a1730fba67b1ff6ba40e00812e,20261005T122622.736542Z_40910432ccd74beaa6570f010dabe9e4,2026-10-05T12:26:22.736542Z,50d94bd38b9b124f9f2c41e36f915f36c76057b037ad379bfcb4e067e45886d0,https://www.magyp.gob.ar/sitio/areas/ss_mercados_agropecuarios/ws/ssma/precios_fob.php?Fecha=02%2F10%2F2026,v1
2026-10-02,15079019210Q,2027-01/2027-01,2072,1368,magyp_fob,706c1629d27ccc782541a3a61529cd07f4bbec04bdcaa3442226f3d87790af56,b17eaa6c3935224fafb5d306081bc73aebebd1df28ec472959cc64d7089ba789,20261005T122622.736542Z_40910432ccd74beaa6570f010dabe9e4,2026-10-05T12:26:22.736542Z,50d94bd38b9b124f9f2c41e36f915f36c76057b037ad379bfcb4e067e45886d0,https://www.magyp.gob.ar/sitio/areas/ss_mercados_agropecuarios/ws/ssma/precios_fob.php?Fecha=02%2F10%2F2026,v1
2026-10-02,15079019210Q,2027-02/2027-02,2072,1366,magyp_fob,6bd713ad6619ee191dd92d08c55e2162abed6fc3dd2a478941705a3eb658e9aa,7f6a679163c7bb92dbc60adb47808ade57e4b33a560af5103e9f3cb761fa59c6,20261005T122622.736542Z_40910432ccd74beaa6570f010dabe9e4,2026-10-05T12:26:22.736542Z,50d94bd38b9b124f9f2c41e36f915f36c76057b037ad379bfcb4e067e45886d0,https://www.magyp.gob.ar/sitio/areas/ss_mercados_agropecuarios/ws/ssma/precios_fob.php?Fecha=02%2F10%2F2026,v1
2026-10-02,15079019210Q,2027-03/2027-03,2072,1368,magyp_fob,9566f4bdf66c76d99c4f7f5f393e2e6c147d313ad8b299c38c8b0376441ad44a,1812aa67c5693d90d30a3dcd07bbd0ab0baadbe46dd1c4bb095cad5b803e2e74,20261005T122622.736542Z_40910432ccd74beaa6570f010dabe9e4,2026-10-05T12:26:22.736542Z,50d94bd38b9b124f9f2c41e36f915f36c76057b037ad379bfcb4e067e45886d0,https://www.magyp.gob.ar/sitio/areas/ss_mercados_agropecuarios/ws/ssma/precios_fob.php?Fecha=02%2F10%2F2026,v1
2026-10-02,15079019210Q,2027-04/2027-09,2072,1356,magyp_fob,9b73a314a4bf098ef8c5e1e3d8d9dceb8e62057a30c7d37a316afa1111419df9,ea99de7762ffd045eb752b6017dfd7fcd93daeb827c9d5d350797fac40a8fe65,20261005T122622.736542Z_40910432ccd74beaa6570f010dabe9e4,2026-10-05T12:26:22.736542Z,50d94bd38b9b124f9f2c41e36f915f36c76057b037ad379bfcb4e067e45886d0,https://www.magyp.gob.ar/sitio/areas/ss_mercados_agropecuarios/ws/ssma/precios_fob.php?Fecha=02%2F10%2F2026,v1
2026-10-02,15121110310E,2026-10/2026-10,2072,1302,magyp_fob,745fe35bccd8d272601d618a4fffa89aa0b6e5a30a043f82974f731d68f61e6d,eb789b8cab5ed5093c95f12aaa16d9dc076b0d47964171f0863a74e6e2d4f401,20261005T122622.736542Z_40910432ccd74beaa6570f010dabe9e4,2026-10-05T12:26:22.736542Z,50d94bd38b9b124f9f2c41e36f915f36c76057b037ad379bfcb4e067e45886d0,https://www.magyp.gob.ar/sitio/areas/ss_mercados_agropecuarios/ws/ssma/precios_fob.php?Fecha=02%2F10%2F2026,v1
2026-10-02,15121110310E,2026-11/2026-11,2072,1298,magyp_fob,e86f8bd4d0a3408ce61598627b0b7871ea65918e7f7507ab7bf5ab5a3e544b28,efaf3b2eea6d826587a6aa0f7fa15a1fc90298a56ae9810e42d08e169aa6eb99,20261005T122622.736542Z_40910432ccd74beaa6570f010dabe9e4,2026-10-05T12:26:22.736542Z,50d94bd38b9b124f9f2c41e36f915f36c76057b037ad379bfcb4e067e45886d0,https://www.magyp.gob.ar/sitio/areas/ss_mercados_agropecuarios/ws/ssma/precios_fob.php?Fecha=02%2F10%2F2026,v1
2026-10-02,15121110310E,2026-12/2027-09,2072,1292,magyp_fob,6d31a433963803659e4b6d91d9011b93fa65e4516a367c321e37c49c8d6a6285,9c92b43c2fadb34767379ced6b50da213a058d3c965b0ec7088aefdc69260341,20261005T122622.736542Z_40910432ccd74beaa6570f010dabe9e4,2026-10-05T12:26:22.736542Z,50d94bd38b9b124f9f2c41e36f915f36c76057b037ad379bfcb4e067e45886d0,https://www.magyp.gob.ar/sitio/areas/ss_mercados_agropecuarios/ws/ssma/precios_fob.php?Fecha=02%2F10%2F2026,v1
2026-10-02,15121110911P,2026-10/2026-10,2072,1302,magyp_fob,adb4e16ee31efd3e284f6a52f7c0b3944d9ce9971a83dfc6feef8d49d2cdd4a9,26c65f2f2664adb75e62bc45fdfb998d63da2fd50ce38260040386a56879663c,20261005T122622.736542Z_40910432ccd74beaa6570f010dabe9e4,2026-10-05T12:26:22.736542Z,50d94bd38b9b124f9f2c41e36f915f36c76057b037ad379bfcb4e067e45886d0,https://www.magyp.gob.ar/sitio/areas/ss_mercados_agropecuarios/ws/ssma/precios_fob.php?Fecha=02%2F10%2F2026,v1
2026-10-02,15121110911P,2026-11/2026-11,2072,1298,magyp_fob,dc28d9991a7ec88b9ebc1bb23277186c1e3bb9dbfb7c13b9f1ce4518f5c4a791,e72d7bd8b76a6b45bdf320f6459bdb3a999bd34848677e3e72a4cf2745165c72,20261005T122622.736542Z_40910432ccd74beaa6570f010dabe9e4,2026-10-05T12:26:22.736542Z,50d94bd38b9b124f9f2c41e36f915f36c76057b037ad379bfcb4e067e45886d0,https://www.magyp.gob.ar/sitio/areas/ss_mercados_agropecuarios/ws/ssma/precios_fob.php?Fecha=02%2F10%2F2026,v1
2026-10-02,15121110911P,2026-12/2027-09,2072,1292,magyp_fob,223ead6d0163d7e1df333ac306ff60d57c97e425194b73e597c27b38e01cf63b,1088df164619fc4d395acabfe9a75c977a013aa163d0044b3772d0c7159edeb6,20261005T122622.736542Z_40910432ccd74beaa6570f010dabe9e4,2026-10-05T12:26:22.736542Z,50d94bd38b9b124f9f2c41e36f915f36c76057b037ad379bfcb4e067e45886d0,https://www.magyp.gob.ar/sitio/areas/ss_mercados_agropecuarios/ws/ssma/precios_fob.php?Fecha=02%2F10%2F2026,v1
2026-10-02,15121110919G,2026-10/2026-10,2072,1302,magyp_fob,0c43cdea1290e8ee5f228adba7f2bccdbc701bc5756165297020c5924b4b85dc,903c4a689670d9c7c8c5c3822c7e67595c453718b898ba73823d6d8d785342e3,20261005T122622.736542Z_40910432ccd74beaa6570f010dabe9e4,2026-10-05T12:26:22.736542Z,50d94bd38b9b124f9f2c41e36f915f36c76057b037ad379bfcb4e067e45886d0,https://www.magyp.gob.ar/sitio/areas/ss_mercados_agropecuarios/ws/ssma/precios_fob.php?Fecha=02%2F10%2F2026,v1
2026-10-02,15121110919G,2026-11/2026-11,2072,1298,magyp_fob,0bb1b8533a6dcb7876e8f8a1663a1b450312f5f9dfd41f2909aebac029169572,4511259525ca269887030779e0ffe411c673a8875aecc1062a25aeb2643826d9,20261005T122622.736542Z_40910432ccd74beaa6570f010dabe9e4,2026-10-05T12:26:22.736542Z,50d94bd38b9b124f9f2c41e36f915f36c76057b037ad379bfcb4e067e45886d0,https://www.magyp.gob.ar/sitio/areas/ss_mercados_agropecuarios/ws/ssma/precios_fob.php?Fecha=02%2F10%2F2026,v1
2026-10-02,15121110919G,2026-12/2027-09,2072,1292,magyp_fob,2bf5e2b83bcd0f06b3155646d934f8fb5a199b2555569e3dc5e5f112d383f75c,a5315ddffc32ec5387e165e17917d6b38939ac177e85c1e626cbcdd77394cd88,20261005T122622.736542Z_40910432ccd74beaa6570f010dabe9e4,2026-10-05T12:26:22.736542Z,50d94bd38b9b124f9f2c41e36f915f36c76057b037ad379bfcb4e067e45886d0,https://www.magyp.gob.ar/sitio/areas/ss_mercados_agropecuarios/ws/ssma/precios_fob.php?Fecha=02%2F10%2F2026,v1
2026-10-02,15121919110H,2026-10/2026-10,2072,1510,magyp_fob,88438768963a7791a17f6b37706e024f596018236241dc2d3a9cd6d9a222fa9e,b969a9b2a5bd070dba553ec14c2240006e52b5f2629367f99e0f0bdb1232c516,20261005T122622.736542Z_40910432ccd74beaa6570f010dabe9e4,2026-10-05T12:26:22.736542Z,50d94bd38b9b124f9f2c41e36f915f36c76057b037ad379bfcb4e067e45886d0,https://www.magyp.gob.ar/sitio/areas/ss_mercados_agropecuarios/ws/ssma/precios_fob.php?Fecha=02%2F10%2F2026,v1
2026-10-02,15121919110H,2026-11/2026-11,2072,1506,magyp_fob,7b09d0048f0cc06bcc50a35240ae795e760b165e8cf0fb14735bc00795eae4df,9d83739bdd0fc2aa14d3731731f43cc70e96db896237ed4c64dec8ac78c88b76,20261005T122622.736542Z_40910432ccd74beaa6570f010dabe9e4,2026-10-05T12:26:22.736542Z,50d94bd38b9b124f9f2c41e36f915f36c76057b037ad379bfcb4e067e45886d0,https://www.magyp.gob.ar/sitio/areas/ss_mercados_agropecuarios/ws/ssma/precios_fob.php?Fecha=02%2F10%2F2026,v1
2026-10-02,15121919110H,2026-12/2027-09,2072,1499,magyp_fob,6222f77a94d88dabfd51474fc7c35f79dc098e275c2f1e8aa24315fa5f176c65,7d90c81cb41fe7d02e8cf9f6269ac8647bc47fc918085453b88d2049a91f515b,20261005T122622.736542Z_40910432ccd74beaa6570f010dabe9e4,2026-10-05T12:26:22.736542Z,50d94bd38b9b124f9f2c41e36f915f36c76057b037ad379bfcb4e067e45886d0,https://www.magyp.gob.ar/sitio/areas/ss_mercados_agropecuarios/ws/ssma/precios_fob.php?Fecha=02%2F10%2F2026,v1
2026-10-02,15121919121N,2026-10/2026-10,2072,1620,magyp_fob,50c56aa862e8880a2d6d5e7b0821ee4287833d150698d96b193e8c960f56c701,6ecdc26083e0513b6ea013ff3bdcb00b06be022f8c1422eee491692a2ba53bb3,20261005T122622.736542Z_40910432ccd74beaa6570f010dabe9e4,2026-10-05T12:26:22.736542Z,50d94bd38b9b124f9f2c41e36f915f36c76057b037ad379bfcb4e067e45886d0,https://www.magyp.gob.ar/sitio/areas/ss_mercados_agropecuarios/ws/ssma/precios_fob.php?Fecha=02%2F10%2F2026,v1
2026-10-02,15121919121N,2026-11/2026-11,2072,1616,magyp_fob,a68cbb679d3482a2fa48a11d43051bed4297c49cb665413665835cd32a4830da,34b8c4667eaf2280f5149e7bb90b35b1cf0aa57cc1910f98359bc874336571e6,20261005T122622.736542Z_40910432ccd74beaa6570f010dabe9e4,2026-10-05T12:26:22.736542Z,50d94bd38b9b124f9f2c41e36f915f36c76057b037ad379bfcb4e067e45886d0,https://www.magyp.gob.ar/sitio/areas/ss_mercados_agropecuarios/ws/ssma/precios_fob.php?Fecha=02%2F10%2F2026,v1
2026-10-02,15121919121N,2026-12/2027-09,2072,1609,magyp_fob,4fd973648f52b0fbeca21ebfac84a0dc3356fca995f00cc887ceeace24a0e0ff,d0e269d121649e42fc8f53806496b7978b6a9a546f7b67815b488615c0099f69,20261005T122622.736542Z_40910432ccd74beaa6570f010dabe9e4,2026-10-05T12:26:22.736542Z,50d94bd38b9b124f9f2c41e36f915f36c76057b037ad379bfcb4e067e45886d0,https://www.magyp.gob.ar/sitio/areas/ss_mercados_agropecuarios/ws/ssma/precios_fob.php?Fecha=02%2F10%2F2026,v1
2026-10-02,23040010100B,2026-10/2026-11,2072,409,magyp_fob,7801d4e2d845e4f60ffbfcbe391308c3f15be8aa458696b59d1824d748d03083,0a9683703845d475df5633713477a8e94d69c3ecb897f36024b5d70caa9ee70e,20261005T122622.736542Z_40910432ccd74beaa6570f010dabe9e4,2026-10-05T12:26:22.736542Z,50d94bd38b9b124f9f2c41e36f915f36c76057b037ad379bfcb4e067e45886d0,https://www.magyp.gob.ar/sitio/areas/ss_mercados_agropecuarios/ws/ssma/precios_fob.php?Fecha=02%2F10%2F2026,v1
2026-10-02,23040010100B,2026-12/2026-12,2072,403,magyp_fob,140ffbd371efeb238889f5ff41d194ad1855602ccdcbadc467df4a3e478d2b95,300c2f9d76fd9ba9fe556072f4bcd41f7804a9fbd53ed27d48ea8033d7cd81bb,20261005T122622.736542Z_40910432ccd74beaa6570f010dabe9e4,2026-10-05T12:26:22.736542Z,50d94bd38b9b124f9f2c41e36f915f36c76057b037ad379bfcb4e067e45886d0,https://www.magyp.gob.ar/sitio/areas/ss_mercados_agropecuarios/ws/ssma/precios_fob.php?Fecha=02%2F10%2F2026,v1
2026-10-02,23040010100B,2027-01/2027-01,2072,395,magyp_fob,fe736b75d37ecf68aa893b222d82c9bfaa9373fce192dc116bd6aa28d390b5f6,757edf939725e8907440aedde1cf16028acb404d58c13cecdb94bb46eb75ecef,20261005T122622.736542Z_40910432ccd74beaa6570f010dabe9e4,2026-10-05T12:26:22.736542Z,50d94bd38b9b124f9f2c41e36f915f36c76057b037ad379bfcb4e067e45886d0,https://www.magyp.gob.ar/sitio/areas/ss_mercados_agropecuarios/ws/ssma/precios_fob.php?Fecha=02%2F10%2F2026,v1
2026-10-02,23040010100B,2027-02/2027-02,2072,393,magyp_fob,e865d8b462b538e7554fee80f7feec3f2318e9da0745121e877dc7856e1a234b,f4327afba09aa7240bbe18c037004a37605248ad37e77ba73460edb0e76eeb00,20261005T122622.736542Z_40910432ccd74beaa6570f010dabe9e4,2026-10-05T12:26:22.736542Z,50d94bd38b9b124f9f2c41e36f915f36c76057b037ad379bfcb4e067e45886d0,https://www.magyp.gob.ar/sitio/areas/ss_mercados_agropecuarios/ws/ssma/precios_fob.php?Fecha=02%2F10%2F2026,v1
2026-10-02,23040010100B,2027-03/2027-03,2072,383,magyp_fob,68cf6330089d31739ba6b4b8792f5b6c221c685efc64f259f9a356229ad7ec67,93889b3d0dbf34efb23a694b6d0196912fc20b469822f2a8a3ed084d1917c396,20261005T122622.736542Z_40910432ccd74beaa6570f010dabe9e4,2026-10-05T12:26:22.736542Z,50d94bd38b9b124f9f2c41e36f915f36c76057b037ad379bfcb4e067e45886d0,https://www.magyp.gob.ar/sitio/areas/ss_mercados_agropecuarios/ws/ssma/precios_fob.php?Fecha=02%2F10%2F2026,v1
2026-10-02,23040010100B,2027-04/2027-09,2072,378,magyp_fob,31975a33e5dd75dc3d2873f1ab27c415a58701e379293c93835257cb0fe6f8a3,423ef499888fe238f0814c3b5cd41ca7dce8651329503dbc2f76ba66e685943f,20261005T122622.736542Z_40910432ccd74beaa6570f010dabe9e4,2026-10-05T12:26:22.736542Z,50d94bd38b9b124f9f2c41e36f915f36c76057b037ad379bfcb4e067e45886d0,https://www.magyp.gob.ar/sitio/areas/ss_mercados_agropecuarios/ws/ssma/precios_fob.php?Fecha=02%2F10%2F2026,v1
2026-10-02,23040010200G,2026-10/2026-11,2072,409,magyp_fob,48b0632c396d2d49633df6e770d01d1163c96456b1213100cbd21cfe5cfafe21,9c88a54188cecfe51e727aac42c3f60d756c142d6de04ac52ebf438682742501,20261005T122622.736542Z_40910432ccd74beaa6570f010dabe9e4,2026-10-05T12:26:22.736542Z,50d94bd38b9b124f9f2c41e36f915f36c76057b037ad379bfcb4e067e45886d0,https://www.magyp.gob.ar/sitio/areas/ss_mercados_agropecuarios/ws/ssma/precios_fob.php?Fecha=02%2F10%2F2026,v1
2026-10-02,23040010200G,2026-12/2026-12,2072,403,magyp_fob,796cd5dde239729c90ed5335b5d57f764890f33975d4de7e9a6bcd39101fb791,154c1d36610a74796a4518bf9c76aa0fc6e9c46b0d56df21682a9eb68223e350,20261005T122622.736542Z_40910432ccd74beaa6570f010dabe9e4,2026-10-05T12:26:22.736542Z,50d94bd38b9b124f9f2c41e36f915f36c76057b037ad379bfcb4e067e45886d0,https://www.magyp.gob.ar/sitio/areas/ss_mercados_agropecuarios/ws/ssma/precios_fob.php?Fecha=02%2F10%2F2026,v1
2026-10-02,23040010200G,2027-01/2027-01,2072,395,magyp_fob,ae2af4e94ffec5a3feaf72a5c4b1958044466de28b75fa3176e5ad5df294abdb,8507736d9233bdc51f96027c237b7307cc305cf27848b6abaa2d8f253cda3d48,20261005T122622.736542Z_40910432ccd74beaa6570f010dabe9e4,2026-10-05T12:26:22.736542Z,50d94bd38b9b124f9f2c41e36f915f36c76057b037ad379bfcb4e067e45886d0,https://www.magyp.gob.ar/sitio/areas/ss_mercados_agropecuarios/ws/ssma/precios_fob.php?Fecha=02%2F10%2F2026,v1
2026-10-02,23040010200G,2027-02/2027-02,2072,393,magyp_fob,a09d27109f891fac41b4496a982a831a6181484358bd35b537a8d0e0634d0713,0a8893e1cf51d5462fa007f4e7ef7181d0835e94633ab4deca0d4a28ad487b60,20261005T122622.736542Z_40910432ccd74beaa6570f010dabe9e4,2026-10-05T12:26:22.736542Z,50d94bd38b9b124f9f2c41e36f915f36c76057b037ad379bfcb4e067e45886d0,https://www.magyp.gob.ar/sitio/areas/ss_mercados_agropecuarios/ws/ssma/precios_fob.php?Fecha=02%2F10%2F2026,v1
2026-10-02,23040010200G,2027-03/2027-03,2072,383,magyp_fob,02ffee3fd110eecd8ae1878a317442791330ffb28cf6f9c09f6184e963f23706,5ec8d6f51c7b32ab1cf0a3b7aa542bc3476ee8a8b07bf9cf395ed95b42460960,20261005T122622.736542Z_40910432ccd74beaa6570f010dabe9e4,2026-10-05T12:26:22.736542Z,50d94bd38b9b124f9f2c41e36f915f36c76057b037ad379bfcb4e067e45886d0,https://www.magyp.gob.ar/sitio/areas/ss_mercados_agropecuarios/ws/ssma/precios_fob.php?Fecha=02%2F10%2F2026,v1
2026-10-02,23040010200G,2027-04/2027-09,2072,378,magyp_fob,1e82f136671544b62046beb6dd44193dcb48f96b9cbbc58978d4c96dcb639dc2,63326175cadb25cdb422972d316ee618a72dc93377028712d06118aa5b1a4b3b,20261005T122622.736542Z_40910432ccd74beaa6570f010dabe9e4,2026-10-05T12:26:22.736542Z,50d94bd38b9b124f9f2c41e36f915f36c76057b037ad379bfcb4e067e45886d0,https://www.magyp.gob.ar/sitio/areas/ss_mercados_agropecuarios/ws/ssma/precios_fob.php?Fecha=02%2F10%2F2026,v1
2026-10-02,23063010100F,2026-10/2027-09,2072,202,magyp_fob,85e23cf5db4edc1d52c0db2f8051bf63773f24c62273dc67ebf8a3ed5ee4936c,99ad17e8d12b9e04bf3d3f4c80c173ab7acdaa242e350be16d2ae941114d4d02,20261005T122622.736542Z_40910432ccd74beaa6570f010dabe9e4,2026-10-05T12:26:22.736542Z,50d94bd38b9b124f9f2c41e36f915f36c76057b037ad379bfcb4e067e45886d0,https://www.magyp.gob.ar/sitio/areas/ss_mercados_agropecuarios/ws/ssma/precios_fob.php?Fecha=02%2F10%2F2026,v1
2026-10-02,23063010200L,2026-10/2027-09,2072,198,magyp_fob,670ac088c11b0bb77bcfeeabcc140bf40666dce901e0d1540c0c1ae2ca0111f8,f78835065d6b17d64ec39bf8f3f51c3c9ada46a956bf566fcbb5b815c9bb8e7e,20261005T122622.736542Z_40910432ccd74beaa6570f010dabe9e4,2026-10-05T12:26:22.736542Z,50d94bd38b9b124f9f2c41e36f915f36c76057b037ad379bfcb4e067e45886d0,https://www.magyp.gob.ar/sitio/areas/ss_mercados_agropecuarios/ws/ssma/precios_fob.php?Fecha=02%2F10%2F2026,v1
2026-10-02,23063010310V,2026-10/2027-09,2072,200,magyp_fob,5c7da5c7cb10df555624d7f7f8aa87734cbac911ef650666c42d75c597628077,6a1952bd0b154bfd6bffa67e7a16a0c59933b19853ab490aae28b468d6dbf96f,20261005T122622.736542Z_40910432ccd74beaa6570f010dabe9e4,2026-10-05T12:26:22.736542Z,50d94bd38b9b124f9f2c41e36f915f36c76057b037ad379bfcb4e067e45886d0,https://www.magyp.gob.ar/sitio/areas/ss_mercados_agropecuarios/ws/ssma/precios_fob.php?Fecha=02%2F10%2F2026,v1
2026-10-02,23063010320Y,2026-10/2027-09,2072,148,magyp_fob,37cf26c13216f484fc735b20ee159de04848e0aea5c77d81150d178f0022300d,cd8d8f84875a04cbeaafa5c5e949b63dc40c24b0066ed70e49c27d183af687fe,20261005T122622.736542Z_40910432ccd74beaa6570f010dabe9e4,2026-10-05T12:26:22.736542Z,50d94bd38b9b124f9f2c41e36f915f36c76057b037ad379bfcb4e067e45886d0,https://www.magyp.gob.ar/sitio/areas/ss_mercados_agropecuarios/ws/ssma/precios_fob.php?Fecha=02%2F10%2F2026,v1
2026-10-02,23063090100J,2026-10/2027-09,2072,202,magyp_fob,3d67ac41208c3365bdb5217dac4b266f3ae866585026cf73834e83a162aca9a8,676632a984426cddd18307b44865a7de222621619204569f761d11caa213aff8,20261005T122622.736542Z_40910432ccd74beaa6570f010dabe9e4,2026-10-05T12:26:22.736542Z,50d94bd38b9b124f9f2c41e36f915f36c76057b037ad379bfcb4e067e45886d0,https://www.magyp.gob.ar/sitio/areas/ss_mercados_agropecuarios/ws/ssma/precios_fob.php?Fecha=02%2F10%2F2026,v1
