commodity;moneda;procedencia;filas;precio_min;precio_promedio;precio_mediana;precio_max;fecha_min;fecha_max;volumen_total
ACEITE SOJA;ARS;BUENOS AIRES;1;1406;1406;1406;1406;2026-05-05;2026-05-05;30
ACEITE SOJA;ARS;CÓRDOBA;4;1.209071;1.230798;1.234016;1.246091;2026-05-26;2026-08-20;117.5
ACEITE SOJA;ARS;ENTRE RÍOS;40;1.150706;588.372139;1.45633;1306;2026-03-13;2026-09-04;432.94
ACEITE SOJA;ARS;SANTA FE;14;1.05806;296076.680485;1.354001;938355;2026-03-13;2026-08-31;737.68
ACEITE SOJA;USD;BUENOS AIRES;174;277;940.833333;950;1050;2026-03-13;2026-09-07;6013.21
ACEITE SOJA;USD;CHACO;7;800;935.714286;950;980;2026-03-31;2026-08-01;210
ACEITE SOJA;USD;CÓRDOBA;86;95;947.33814;960;1015;2026-03-16;2026-09-05;5763.32
ACEITE SOJA;USD;ENTRE RÍOS;193;910;964.020725;970;1000;2026-03-13;2026-09-05;6781.52
ACEITE SOJA;USD;SANTA FE;190;880;966.002632;970;1090.8;2026-03-13;2026-09-07;28842.3
ARROZ C.L.A;ARS;CORRIENTES;24;304000;419106.916667;389620;750000;2026-03-26;2026-08-31;4848.02
ARROZ C.L.A;ARS;ENTRE RÍOS;181;200000;380934.088398;400000;460500;2026-03-13;2026-09-02;5262.5
ARROZ C.L.A;ARS;FORMOSA;10;262587;377128.9;396612.5;413813;2026-03-31;2026-08-22;1412.31
ARROZ C.L.A;ARS;SANTA FE;20;397836;428342;421181;476011;2026-04-10;2026-08-06;1677.27
ARROZ C.L.F;ARS;BUENOS AIRES;3;365000;365000;365000;365000;2026-07-29;2026-07-31;360
ARROZ C.L.F;ARS;CORRIENTES;191;200000;266610.225131;250000;792000;2026-03-19;2026-09-02;51700.03
ARROZ C.L.F;ARS;ENTRE RÍOS;570;150000;271044.22807;260000;450000;2026-03-13;2026-09-01;35090.1
ARROZ C.L.F;ARS;FORMOSA;9;1267;237754.888889;260305;384888;2026-03-16;2026-08-22;18725.09
ARROZ C.L.F;ARS;SANTA FE;43;194844;253703.651163;249248;390000;2026-03-31;2026-08-19;4783.51
CEBADA CERV.;ARS;BUENOS AIRES;2;170000;235000;235000;300000;2026-07-06;2026-08-13;32.27
CEBADA CERV.;USD;BUENOS AIRES;1612;175;220.895583;222;278;2026-03-12;2026-09-07;882748.46
CEBADA CERV.;USD;CIUDAD AUTÓNOMA DE BUENOS AIRES;32;200;225.03125;231.75;235;2026-03-16;2026-08-05;27520.64
CEBADA CERV.;USD;CÓRDOBA;11;200;235;236.5;250;2026-03-27;2026-09-04;2726.28
CEBADA CERV.;USD;ENTRE RÍOS;7;189;210.714286;205;242;2026-04-10;2026-08-13;1976.77
CEBADA CERV.;USD;LA PAMPA;9;205;228.611111;232;246.5;2026-05-15;2026-09-03;2649.09
CEBADA CERV.;USD;SANTA FE;37;190;217.756757;220;250;2026-03-20;2026-09-04;24091.53
CEBADA FORR.;ARS;BUENOS AIRES;210;180000;282266.652381;286647.5;315420;2026-03-12;2026-09-03;80365.19
CEBADA FORR.;ARS;CHACO;1;222500;222500;222500;222500;2026-05-12;2026-05-12;30
CEBADA FORR.;ARS;CIUDAD AUTÓNOMA DE BUENOS AIRES;1;286300;286300;286300;286300;2026-06-05;2026-06-05;400
CEBADA FORR.;ARS;CÓRDOBA;4;125000;228325;256650;275000;2026-03-26;2026-06-08;684.76
CEBADA FORR.;ARS;LA PAMPA;36;190000;238506.305556;228500;305515;2026-03-12;2026-08-27;2903.5
CEBADA FORR.;ARS;SANTA FE;4;190;186915;228655;290160;2026-04-01;2026-08-21;498.72
CEBADA FORR.;USD;BUENOS AIRES;2732;135;203.679122;205;320;2026-03-12;2026-09-07;721588.67
CEBADA FORR.;USD;CIUDAD AUTÓNOMA DE BUENOS AIRES;44;180;196.863636;195;230;2026-03-18;2026-07-23;19777.34
CEBADA FORR.;USD;CÓRDOBA;27;160;190;190;220;2026-03-17;2026-09-04;3274.04
CEBADA FORR.;USD;ENTRE RÍOS;2;175;177.5;177.5;180;2026-07-27;2026-08-07;84.02
CEBADA FORR.;USD;LA PAMPA;58;178;204.07069;205;220;2026-03-16;2026-09-04;20376.58
CEBADA FORR.;USD;SALTA;1;215;215;215;215;2026-08-27;2026-08-27;100
CEBADA FORR.;USD;SANTA FE;197;175;201.834518;205;248.4;2026-03-13;2026-09-07;36752.52
CEBADA FORR.;USD;SANTIAGO DEL ESTERO;1;205;205;205;205;2026-05-12;2026-05-12;30
Girasol;ARS;BUENOS AIRES;898;198;555866.270601;540550;910734;2026-03-12;2026-09-04;108393.77
Girasol;ARS;CHACO;2547;50000;596211.33883;584000;770520;2026-03-13;2026-09-04;106521.09
Girasol;ARS;CIUDAD AUTÓNOMA DE BUENOS AIRES;44;479722;596597.318182;602967.5;680570;2026-03-26;2026-07-21;9572.19
Girasol;ARS;CÓRDOBA;2459;410;585748.814559;572561;851000;2026-03-13;2026-09-04;132204.27
Girasol;ARS;ENTRE RÍOS;172;463640;578175.465116;547000;771160;2026-03-13;2026-09-02;21177.38
Girasol;ARS;FORMOSA;4;541500;629875;632000;714000;2026-03-16;2026-08-25;38.2
Girasol;ARS;LA PAMPA;147;428326;590733.435374;584010;806144;2026-03-13;2026-09-03;19191.53
Girasol;ARS;SALTA;1;655000;655000;655000;655000;2026-06-19;2026-06-19;314
Girasol;ARS;SAN LUIS;298;460316;583746.768456;573982.5;770900;2026-03-13;2026-09-03;17742.76
Girasol;ARS;SANTA FE;2910;390;593372.865979;582540;800550;2026-03-13;2026-09-04;195510.66
Girasol;ARS;SANTIAGO DEL ESTERO;187;50000;574606.411765;573800;760230;2026-03-13;2026-09-04;7441.38
Girasol;USD;BUENOS AIRES;8134;174.34;389.982356;380;1210;2026-03-12;2026-09-07;1375947.21
Girasol;USD;CHACO;400;300;409.08095;400;520;2026-03-13;2026-09-04;97119.25
Girasol;USD;CIUDAD AUTÓNOMA DE BUENOS AIRES;69;350;383;380;430;2026-03-12;2026-07-20;15749.63
Girasol;USD;CORRIENTES;1;350;350;350;350;2026-04-13;2026-04-13;9.44
Girasol;USD;CÓRDOBA;1024;30;398.111133;390;540;2026-03-12;2026-09-07;128863.14
Girasol;USD;ENTRE RÍOS;33;340;400.151515;400;460;2026-03-23;2026-09-07;5925.37
Girasol;USD;FORMOSA;1;449.7;449.7;449.7;449.7;2026-08-28;2026-08-28;91.26
Girasol;USD;LA PAMPA;1299;120;391.719908;380;550;2026-03-12;2026-09-07;378500.68
Girasol;USD;SALTA;2;435;442.5;442.5;450;2026-06-24;2026-08-25;700
Girasol;USD;SAN JUAN;2;410;420;420;430;2026-05-05;2026-05-20;2095.96
Girasol;USD;SAN LUIS;225;182;398.054178;390;500;2026-03-12;2026-09-03;39411.55
Girasol;USD;SANTA FE;1279;60;404.515676;400;540;2026-03-12;2026-09-07;303403.92
Girasol;USD;SANTIAGO DEL ESTERO;92;320;400.541957;400;470;2026-03-17;2026-09-04;24279.31
Maíz;ARS;BUENOS AIRES;9775;180;261590.215532;262500;560000;2026-03-12;2026-09-07;1794657.97
Maíz;ARS;CATAMARCA;56;184710;250053.160714;265400;283910;2026-03-26;2026-09-04;7039.35
Maíz;ARS;CHACO;982;169.98;258048.147902;269000;435000;2026-03-16;2026-09-04;152229.96
Maíz;ARS;CIUDAD AUTÓNOMA DE BUENOS AIRES;246;190;260720.98374;262143.5;369875;2026-03-12;2026-08-26;139350.62
Maíz;ARS;CORRIENTES;7;159500;252858.571429;256780;328500;2026-04-08;2026-05-27;279.48
Maíz;ARS;CÓRDOBA;30724;156;260178.525543;263215;565000;2026-03-12;2026-09-07;3984515.54
Maíz;ARS;ENTRE RÍOS;4406;165;253419.047876;254125;522105;2026-03-12;2026-09-07;747845.05
Maíz;ARS;FORMOSA;3;160000;206666.666667;230000;230000;2026-05-06;2026-06-26;540
Maíz;ARS;JUJUY;21;173968;242000.857143;265050;280000;2026-04-06;2026-09-02;2584.03
Maíz;ARS;LA PAMPA;832;24500;267286.108173;272300;550000;2026-03-12;2026-09-04;266587.67
Maíz;ARS;MISIONES;2;267050;273525;273525;280000;2026-07-22;2026-08-14;90
Maíz;ARS;SALTA;666;117534;235788.103604;263700;285560;2026-03-13;2026-09-07;163063.48
Maíz;ARS;SAN LUIS;1479;10000;249624.248141;254600;300000;2026-03-12;2026-09-04;326732.13
Maíz;ARS;SANTA FE;13236;180;259183.77673;260000;550000;2026-03-12;2026-09-07;4210490.37
Maíz;ARS;SANTIAGO DEL ESTERO;2655;51712.5;262028.512806;269000;475000;2026-03-13;2026-09-04;514057.71
Maíz;ARS;TUCUMÁN;456;185700;251107.239035;267090;300000;2026-03-19;2026-09-04;85513.58
Maíz;USD;BUENOS AIRES;12180;19;192.894975;192;450;2026-03-12;2026-09-07;6002357.53
Maíz;USD;CATAMARCA;32;144;180.623125;185;208.8;2026-03-13;2026-09-04;10254.2
Maíz;USD;CHACO;492;118.46;183.629675;185;391.84;2026-03-12;2026-09-04;335377.32
Maíz;USD;CIUDAD AUTÓNOMA DE BUENOS AIRES;201;168;186.495025;185;210;2026-03-12;2026-08-21;189934.81
Maíz;USD;CORRIENTES;11;171;179.272727;178;186;2026-04-08;2026-07-22;427.54
Maíz;USD;CÓRDOBA;15135;19.8;189.642977;187;910;2026-03-12;2026-09-07;5280109.74
Maíz;USD;ENTRE RÍOS;1254;165;189.132097;186.85;358.29;2026-03-12;2026-09-07;505581.59
Maíz;USD;FORMOSA;2;190;192.5;192.5;195;2026-04-22;2026-04-30;2000
Maíz;USD;JUJUY;34;180;185.588235;185;200;2026-03-13;2026-09-04;15632.92
Maíz;USD;LA PAMPA;1928;138.07;196.626183;195;352.15;2026-03-12;2026-09-05;1236917.31
Maíz;USD;MENDOZA;1;195;195;195;195;2026-08-04;2026-08-04;300
Maíz;USD;NEUQUÉN;1;200;200;200;200;2026-03-27;2026-03-27;1000
Maíz;USD;RÍO NEGRO;3;180;191;193;200;2026-05-27;2026-08-03;1470.04
Maíz;USD;SALTA;537;114.1;186.406071;185;368.43;2026-03-12;2026-09-07;373149.03
Maíz;USD;SAN LUIS;687;10;185.951528;190;228.01;2026-03-12;2026-09-04;405152.32
Maíz;USD;SANTA FE;11736;141;188.112497;185;1000;2026-03-12;2026-09-07;13024278.36
Maíz;USD;SANTIAGO DEL ESTERO;1330;123.88;189.209977;187;387.84;2026-03-12;2026-09-04;878071.22
Maíz;USD;TUCUMÁN;255;127.73;181.289373;184.7;244;2026-03-13;2026-09-04;144480.11
Soja;ARS;BUENOS AIRES;23754;184.6;471945.490974;465000;650000;2026-03-12;2026-09-07;4093706.04
Soja;ARS;CATAMARCA;581;329990;460961.437177;463350;563350;2026-03-13;2026-09-04;51672.49
Soja;ARS;CHACO;6207;465;465005.516836;463250;591000;2026-03-13;2026-09-07;757990.69
Soja;ARS;CHUBUT;1;430000;430000;430000;430000;2026-04-28;2026-04-28;90
Soja;ARS;CIUDAD AUTÓNOMA DE BUENOS AIRES;644;326;473119.217391;470000;630180;2026-03-12;2026-09-02;1328559.63
Soja;ARS;CORRIENTES;58;404800;456401.551724;462000;495000;2026-03-23;2026-08-13;4389.52
Soja;ARS;CÓRDOBA;46721;312;467712.935604;465000;750000;2026-03-12;2026-09-07;8144504.73
Soja;ARS;ENTRE RÍOS;8815;322.5;462019.967158;462000;595545;2026-03-12;2026-09-07;952185.76
Soja;ARS;FORMOSA;61;360000;472093.196721;473000;563000;2026-03-17;2026-09-04;9186.22
Soja;ARS;JUJUY;108;361718;449014.740741;462700;538000;2026-05-04;2026-08-27;9449.55
Soja;ARS;LA PAMPA;2201;38000;468245.387097;465000;568630;2026-03-13;2026-09-04;332715.78
Soja;ARS;MISIONES;3;420000;443133.333333;444400;465000;2026-05-04;2026-06-03;390.01
Soja;ARS;SALTA;1912;300000;446733.808054;458000;565600;2026-03-13;2026-09-04;275560.52
Soja;ARS;SAN JUAN;3;430000;430000;430000;430000;2026-04-27;2026-04-29;147.42
Soja;ARS;SAN LUIS;932;262770;469284.526824;463400;565000;2026-03-13;2026-09-04;91740.55
Soja;ARS;SANTA FE;32205;185;473085.015735;468000;610060;2026-03-12;2026-09-07;9701261.02
Soja;ARS;SANTIAGO DEL ESTERO;6677;100000;468310.564625;463800;565000;2026-03-12;2026-09-07;788148.87
Soja;ARS;TUCUMÁN;2801;355000;453828.847911;458350;565000;2026-03-13;2026-09-07;235051.26
Soja;USD;BUENOS AIRES;8225;183;330.422902;325;450;2026-03-12;2026-09-07;2490799.99
Soja;USD;CATAMARCA;26;278.58;337.623846;333.21;373.2;2026-03-13;2026-09-04;2854.49
Soja;USD;CHACO;522;182;344.520632;350.01;428.24;2026-03-13;2026-09-04;153811.25
Soja;USD;CIUDAD AUTÓNOMA DE BUENOS AIRES;126;281.1;325.74619;320.7;460;2026-03-20;2026-07-23;132652.1
Soja;USD;CORRIENTES;2;346.76;351.08;351.08;355.4;2026-03-31;2026-05-13;43.04
Soja;USD;CÓRDOBA;3689;90;339.42434;340;450;2026-03-12;2026-09-07;894150.56
Soja;USD;ENTRE RÍOS;1324;205.88;340.478897;335;428.24;2026-03-12;2026-09-04;294275.74
Soja;USD;FORMOSA;8;310;335.875;345;360;2026-04-07;2026-08-27;933.41
Soja;USD;JUJUY;18;315.5;329.997222;325.5;365;2026-03-19;2026-08-27;3664.13
Soja;USD;LA PAMPA;793;257;334.175372;331.91;430;2026-03-12;2026-09-04;318003.31
Soja;USD;RÍO NEGRO;2;310;310;310;310;2026-06-03;2026-06-03;60.76
Soja;USD;SALTA;376;194.33;333.612261;331;392.58;2026-03-12;2026-09-04;155786.64
Soja;USD;SAN LUIS;100;264.64;342.2053;342.4;401.09;2026-03-16;2026-09-04;36288.53
Soja;USD;SANTA FE;3885;138;335.599256;332;520;2026-03-12;2026-09-07;2822443.12
Soja;USD;SANTIAGO DEL ESTERO;799;182;336.46189;333.21;823;2026-03-13;2026-09-04;406123.68
Soja;USD;TUCUMÁN;178;261.01;331.038708;330;416.32;2026-03-13;2026-09-04;61113.32
Sorgo;ARS;BUENOS AIRES;91;110000;270869.659341;271830;495000;2026-03-16;2026-09-07;50608.13
Sorgo;ARS;CATAMARCA;10;195000;203614;201490;224870;2026-06-26;2026-09-03;1041.99
Sorgo;ARS;CHACO;604;147540;265007.331126;271000;296000;2026-03-16;2026-09-03;104334.13
Sorgo;ARS;CIUDAD AUTÓNOMA DE BUENOS AIRES;14;249971;262021.428571;264310;271837;2026-03-19;2026-07-20;60807.02
Sorgo;ARS;CÓRDOBA;229;195;269332.908297;273710;310590;2026-03-17;2026-09-03;20452.06
Sorgo;ARS;ENTRE RÍOS;278;210583;262192.579137;268748;285516;2026-03-13;2026-09-03;90934.55
Sorgo;ARS;LA PAMPA;3;200000;250165;273985;276510;2026-07-03;2026-08-20;102.1
Sorgo;ARS;SALTA;7;273710;282158.571429;279000;289000;2026-06-11;2026-08-04;318.01
Sorgo;ARS;SAN LUIS;11;247634;261108.818182;256619;280300;2026-03-17;2026-06-24;167.97
Sorgo;ARS;SANTA FE;757;130;267099.861295;272500;477700;2026-03-13;2026-09-03;136321.67
Sorgo;ARS;SANTIAGO DEL ESTERO;131;169220;261418.59542;271000;289000;2026-03-16;2026-09-04;21831.76
Sorgo;ARS;TUCUMÁN;8;183960;207924.5;192320;264420;2026-07-13;2026-08-24;507.12
Sorgo;USD;BUENOS AIRES;298;154.76;190.839094;190;225;2026-03-13;2026-09-04;74372.58
Sorgo;USD;CATAMARCA;7;129.05;175.728571;195;200;2026-04-01;2026-08-06;1738.02
Sorgo;USD;CHACO;238;104.78;184.699706;190;222.18;2026-03-13;2026-09-03;103799.46
Sorgo;USD;CIUDAD AUTÓNOMA DE BUENOS AIRES;9;178;189.777778;190;200;2026-03-30;2026-07-23;3592.38
Sorgo;USD;CÓRDOBA;690;148.84;192.796406;194.93;330;2026-03-12;2026-09-04;140124.66
Sorgo;USD;ENTRE RÍOS;125;180;192.82928;195;205;2026-03-13;2026-09-04;24681.06
Sorgo;USD;LA PAMPA;46;180;193.783478;191.95;234.79;2026-03-13;2026-09-04;10680.22
Sorgo;USD;SALTA;22;122.88;187.767273;187.5;200;2026-03-16;2026-09-02;8099.6
Sorgo;USD;SAN LUIS;10;176;193;198.5;200;2026-03-27;2026-07-17;1671.84
Sorgo;USD;SANTA FE;1258;105.7;191.443609;190;450;2026-03-12;2026-09-04;299706.13
Sorgo;USD;SANTIAGO DEL ESTERO;126;118.86;181.078413;190;200;2026-03-26;2026-09-03;45965.7
Sorgo;USD;TUCUMÁN;41;122.86;171.405366;190;200;2026-03-19;2026-08-27;7868.12
TRIGO CAND.;ARS;BUENOS AIRES;151;239238;323181.953642;313523;439956;2026-03-13;2026-09-04;48143.62
TRIGO CAND.;ARS;CATAMARCA;1;275350;275350;275350;275350;2026-04-22;2026-04-22;300
TRIGO CAND.;ARS;CÓRDOBA;11;42040;310849.363636;292390;403767;2026-03-13;2026-08-03;1578.83
TRIGO CAND.;ARS;ENTRE RÍOS;3;42040;189948.333333;254005;273800;2026-03-13;2026-04-22;97.96
TRIGO CAND.;ARS;SALTA;3;288707;292383.333333;288707;299736;2026-03-16;2026-08-31;14150
TRIGO CAND.;ARS;SAN LUIS;11;254460;284015.454545;292390;303240;2026-04-08;2026-07-01;2770.58
TRIGO CAND.;ARS;SANTA FE;1;295000;295000;295000;295000;2026-06-30;2026-06-30;10
TRIGO CAND.;ARS;TUCUMÁN;4;279022;300708.5;301806;320200;2026-04-30;2026-08-10;7326.73
TRIGO CAND.;USD;BUENOS AIRES;12;152.1;258.585;246.82;381.25;2026-03-27;2026-09-04;11805.83
TRIGO PAN;ARS;BUENOS AIRES;9047;200;304770.471163;300000;500000;2026-03-12;2026-09-07;1762287.55
TRIGO PAN;ARS;CATAMARCA;27;206415;285066.296296;281600;360000;2026-03-26;2026-09-02;5534.04
TRIGO PAN;ARS;CHACO;709;1001;278417.073343;291460;535000;2026-03-13;2026-09-04;117105.09
TRIGO PAN;ARS;CIUDAD AUTÓNOMA DE BUENOS AIRES;193;250700;294277.015544;293800;370000;2026-03-12;2026-09-01;113397.04
TRIGO PAN;ARS;CORRIENTES;4;300000;332500;305000;420000;2026-05-20;2026-05-22;165
TRIGO PAN;ARS;CÓRDOBA;6283;213.05;294273.004464;294143;515000;2026-03-12;2026-09-07;809675.06
TRIGO PAN;ARS;ENTRE RÍOS;2730;215;285451.301099;291000;448750;2026-03-12;2026-09-04;565718.03
TRIGO PAN;ARS;LA PAMPA;712;195000;295338.723315;291353.5;455000;2026-03-13;2026-09-04;110718.87
TRIGO PAN;ARS;MISIONES;1;261888;261888;261888;261888;2026-04-28;2026-04-28;30.62
TRIGO PAN;ARS;RÍO NEGRO;12;180000;266931.166667;300000;340975;2026-03-19;2026-08-13;779.39
TRIGO PAN;ARS;SALTA;63;28650;269191.365079;273300;387714;2026-03-25;2026-09-04;9631.79
TRIGO PAN;ARS;SAN LUIS;43;215000;246607.162791;231000;315000;2026-03-16;2026-08-20;3992.62
TRIGO PAN;ARS;SANTA FE;8777;215;293690.049038;294700;560000;2026-03-12;2026-09-07;1800431.94
TRIGO PAN;ARS;SANTIAGO DEL ESTERO;341;220;286606.075191;291300;400000;2026-03-13;2026-09-04;42330.48
TRIGO PAN;ARS;TUCUMÁN;55;216675;303955.472727;293660;450000;2026-03-19;2026-08-28;14035.99
TRIGO PAN;USD;BUENOS AIRES;9009;60;220.775053;220;380;2026-03-12;2026-09-07;2870068.36
TRIGO PAN;USD;CHACO;180;152.6;218.555389;223.395;253.74;2026-03-13;2026-09-04;51081.29
TRIGO PAN;USD;CIUDAD AUTÓNOMA DE BUENOS AIRES;181;181.5;209.292376;210;235;2026-03-13;2026-07-24;204810.72
TRIGO PAN;USD;CORRIENTES;4;178;201.4375;202.5;222.75;2026-03-20;2026-08-24;301.59
TRIGO PAN;USD;CÓRDOBA;4151;98;219.248771;220;320;2026-03-12;2026-09-04;908752.51
TRIGO PAN;USD;ENTRE RÍOS;1598;150;216.042353;220;317;2026-03-12;2026-09-04;484483.62
TRIGO PAN;USD;FORMOSA;2;220;227.5;227.5;235;2026-04-27;2026-08-26;649
TRIGO PAN;USD;LA PAMPA;364;171;220.813599;220;320;2026-03-13;2026-09-04;165617.05
TRIGO PAN;USD;RÍO NEGRO;3;220;225;225;230;2026-05-05;2026-07-16;834.66
TRIGO PAN;USD;SALTA;6;200;224.333333;228;235;2026-03-16;2026-09-04;800.31
TRIGO PAN;USD;SAN LUIS;6;210;225.833333;226;246;2026-04-08;2026-08-31;2326.45
TRIGO PAN;USD;SANTA FE;7358;160;216.291207;220;380;2026-03-12;2026-09-07;3423861.54
TRIGO PAN;USD;SANTIAGO DEL ESTERO;390;182;222.77359;225;250;2026-03-13;2026-09-04;198634.39
TRIGO PAN;USD;TUCUMÁN;3;220;221.666667;220;225;2026-04-29;2026-07-15;1050
