commodity;moneda;lugar_entrega;filas;precio_min;precio_promedio;precio_mediana;precio_max;fecha_min;fecha_max;volumen_total
ACEITE SOJA;ARS;Zona 13/En destino;29;1.05806;143067.173343;1.4506;938355;2026-03-13;2026-08-31;609.33
ACEITE SOJA;ARS;Zona 13/En origen;24;1.2206;778.141058;1206;1306;2026-03-13;2026-09-04;261.29
ACEITE SOJA;ARS;Zona 14/En origen;1;985;985;985;985;2026-04-01;2026-04-01;300
ACEITE SOJA;ARS;Zona 5/En destino;1;1406;1406;1406;1406;2026-05-05;2026-05-05;30
ACEITE SOJA;ARS;Zona 8/En origen;4;1.209071;1.230798;1.234016;1.246091;2026-05-26;2026-08-20;117.5
ACEITE SOJA;USD;Bs As/En destino;11;400;882.272727;980;1010;2026-03-30;2026-08-27;470
ACEITE SOJA;USD;Bs As/En origen;4;940;960;955;990;2026-03-16;2026-09-04;480
ACEITE SOJA;USD;Cordoba/En destino;37;95;947.567568;970;990;2026-03-16;2026-09-05;1861.52
ACEITE SOJA;USD;Rosario S/En origen;2;955;957.5;957.5;960;2026-09-05;2026-09-05;330
ACEITE SOJA;USD;Zona 10/En destino;7;975;985;985;995;2026-05-12;2026-07-29;3800
ACEITE SOJA;USD;Zona 10/En origen;1;990;990;990;990;2026-06-05;2026-06-05;1000
ACEITE SOJA;USD;Zona 11/En destino;8;939.99;973.20875;977.06;994.11;2026-04-14;2026-08-14;1543.02
ACEITE SOJA;USD;Zona 12/En destino;2;935;940;940;945;2026-05-22;2026-06-05;60
ACEITE SOJA;USD;Zona 12/En origen;52;880;919.711538;920;975;2026-03-30;2026-09-05;1845
ACEITE SOJA;USD;Zona 13/En destino;151;800;954.87649;950;1000;2026-03-13;2026-08-31;17113.9
ACEITE SOJA;USD;Zona 13/En origen;10;500;900;947.5;960;2026-03-16;2026-06-05;278.1
ACEITE SOJA;USD;Zona 14/En destino;11;960;1001.65;980;1090.8;2026-03-20;2026-08-06;667
ACEITE SOJA;USD;Zona 14/En origen;7;960;980.714286;980;1000;2026-03-30;2026-06-24;2031.14
ACEITE SOJA;USD;Zona 18/En destino;70;910;977.542857;980;1000;2026-03-13;2026-09-05;2655.02
ACEITE SOJA;USD;Zona 18/En origen;4;940;958.75;957.5;980;2026-03-13;2026-05-08;240
ACEITE SOJA;USD;Zona 2/En destino;10;915;952;950;995;2026-04-20;2026-08-20;660
ACEITE SOJA;USD;Zona 2/En origen;27;920;951.666667;950;985;2026-03-30;2026-08-27;2380
ACEITE SOJA;USD;Zona 4/En destino;1;950;950;950;950;2026-08-03;2026-08-03;29.34
ACEITE SOJA;USD;Zona 4/En origen;3;930;930;930;930;2026-08-06;2026-08-10;90
ACEITE SOJA;USD;Zona 5/En destino;15;277;948;985;1050;2026-03-26;2026-08-26;1160
ACEITE SOJA;USD;Zona 5/En origen;6;920;965;952.5;1040;2026-03-26;2026-08-26;430
ACEITE SOJA;USD;Zona 6/En destino;118;920;968.440678;970;1010;2026-03-13;2026-09-07;4697.79
ACEITE SOJA;USD;Zona 6/En origen;49;910;951.285714;950;995;2026-03-16;2026-09-04;1810.24
ACEITE SOJA;USD;Zona 7/En destino;11;930;970.454545;970;990;2026-03-16;2026-08-24;493
ACEITE SOJA;USD;Zona 7/En origen;13;910;950.769231;955;980;2026-04-01;2026-09-05;750
ACEITE SOJA;USD;Zona 8/En destino;16;940;970.338125;960;1015;2026-03-27;2026-08-14;555.28
ACEITE SOJA;USD;Zona 8/En origen;4;920;920;920;920;2026-07-08;2026-07-21;180
ARROZ C.L.A;ARS;Zona 13/En destino;183;200000;380590.256831;400000;460500;2026-03-13;2026-09-02;5942.84
ARROZ C.L.A;ARS;Zona 14/En destino;43;325380;408676.697674;404869;476011;2026-03-31;2026-08-06;3250.48
ARROZ C.L.A;ARS;Zona 18/En destino;9;304000;458294.444444;380000;750000;2026-03-26;2026-08-31;4006.78
ARROZ C.L.F;ARS;Zona 13/En destino;635;1267;269576.696063;250000;450000;2026-03-13;2026-09-01;40631.94
ARROZ C.L.F;ARS;Zona 14/En destino;78;194844;270580.294872;258740.5;390000;2026-03-31;2026-08-19;21020.96
ARROZ C.L.F;ARS;Zona 14/En origen;1;310000;310000;310000;310000;2026-08-10;2026-08-10;500
ARROZ C.L.F;ARS;Zona 18/En destino;98;200000;264544.377551;250000;792000;2026-03-16;2026-09-02;48159.03
ARROZ C.L.F;ARS;Zona 18/En origen;4;250000;260000;255000;280000;2026-03-31;2026-08-12;346.8
CEBADA CERV.;ARS;Rosario S/En destino;1;300000;300000;300000;300000;2026-07-06;2026-07-06;3.15
CEBADA CERV.;ARS;Zona 6/En destino;1;170000;170000;170000;170000;2026-08-13;2026-08-13;29.12
CEBADA CERV.;USD;B.Blanca/En destino;402;175;219.198209;220;250;2026-03-12;2026-09-07;174421.42
CEBADA CERV.;USD;B.Blanca/En origen;2;206;206;206;206;2026-07-22;2026-07-22;2000
CEBADA CERV.;USD;Quequen/En destino;421;190;230.132803;230;255;2026-03-13;2026-09-04;219708.52
CEBADA CERV.;USD;Rosario N/En destino;5;225;231;230;235;2026-06-25;2026-08-05;570
CEBADA CERV.;USD;Rosario S/En destino;416;180;226.355865;230;271.43;2026-03-12;2026-09-04;290298.8
CEBADA CERV.;USD;Rosario S/En origen;3;195;207.666667;203;225;2026-07-15;2026-08-03;390
CEBADA CERV.;USD;Zona 13/En destino;1;225;225;225;225;2026-05-11;2026-05-11;300
CEBADA CERV.;USD;Zona 18/En destino;1;212;212;212;212;2026-08-12;2026-08-12;79.98
CEBADA CERV.;USD;Zona 2/En destino;168;189.5;205.515476;205;235;2026-03-25;2026-09-07;91205
CEBADA CERV.;USD;Zona 2/En origen;4;205;205;205;205;2026-07-30;2026-07-30;4535
CEBADA CERV.;USD;Zona 3/En destino;242;189.5;211.328512;206;278;2026-03-17;2026-09-07;149516.98
CEBADA CERV.;USD;Zona 3/En origen;3;192;192;192;192;2026-07-21;2026-07-31;87.64
CEBADA CERV.;USD;Zona 4/En destino;3;225;228.333333;225;235;2026-03-25;2026-06-29;599.92
CEBADA CERV.;USD;Zona 5/En destino;8;188.1;213.025;212.85;225.5;2026-04-09;2026-07-15;2509
CEBADA CERV.;USD;Zona 6/En destino;29;180;214.181034;210;263.91;2026-03-31;2026-08-28;5490.51
CEBADA FORR.;ARS;B.Blanca/En destino;111;190000;281007.846847;285350;311000;2026-03-12;2026-08-31;37138.64
CEBADA FORR.;ARS;B.Blanca/En origen;1;240000;240000;240000;240000;2026-06-02;2026-06-02;60
CEBADA FORR.;ARS;Quequen/En destino;93;195000;287953.387097;288750;315420;2026-03-12;2026-09-03;40142.66
CEBADA FORR.;ARS;Quequen/En origen;2;284073;284745.5;284745.5;285418;2026-04-09;2026-04-10;2008.11
CEBADA FORR.;ARS;Rosario N/En destino;1;125000;125000;125000;125000;2026-05-27;2026-05-27;120.9
CEBADA FORR.;ARS;Rosario S/En destino;2;283310;284899;284899;286488;2026-04-08;2026-05-19;178.7
CEBADA FORR.;ARS;Zona 17/En origen;1;222500;222500;222500;222500;2026-05-12;2026-05-12;30
CEBADA FORR.;ARS;Zona 2/En destino;30;190000;234328.966667;225500;305515;2026-04-23;2026-08-27;3644.31
CEBADA FORR.;ARS;Zona 3/En destino;4;190;164272.5;197450;262000;2026-03-19;2026-08-11;404.08
CEBADA FORR.;ARS;Zona 4/En destino;2;284200;284200;284200;284200;2026-06-03;2026-06-03;140.91
CEBADA FORR.;ARS;Zona 6/En destino;4;180000;208750;212500;230000;2026-03-19;2026-05-28;390
CEBADA FORR.;ARS;Zona 7/En destino;2;200000;227500;227500;255000;2026-03-12;2026-04-29;60
CEBADA FORR.;ARS;Zona 8/En destino;2;256650;256650;256650;256650;2026-06-08;2026-06-08;551.48
CEBADA FORR.;ARS;Zona 9/En origen;1;275000;275000;275000;275000;2026-03-26;2026-03-26;12.38
CEBADA FORR.;USD;B.Blanca/En destino;1430;165;203.662629;205;320;2026-03-12;2026-09-07;341453.49
CEBADA FORR.;USD;B.Blanca/En origen;1;207.05;207.05;207.05;207.05;2026-04-09;2026-04-09;31
CEBADA FORR.;USD;Quequen/En destino;1102;175;204.771162;205;250;2026-03-12;2026-09-07;277083.78
CEBADA FORR.;USD;Quequen/En origen;14;200;206.828571;207.05;212.1;2026-03-16;2026-08-24;4209.82
CEBADA FORR.;USD;Rosario N/En destino;3;190;226.133333;240;248.4;2026-07-22;2026-08-25;161.31
CEBADA FORR.;USD;Rosario S/En destino;106;140;186.820755;185;230;2026-03-17;2026-09-04;8821.63
CEBADA FORR.;USD;Rosario S/En origen;1;178;178;178;178;2026-08-05;2026-08-05;60
CEBADA FORR.;USD;Zona 2/En destino;289;160;202.253045;205;235;2026-03-13;2026-09-04;131165.47
CEBADA FORR.;USD;Zona 3/En destino;76;175;204.819737;208;225;2026-03-13;2026-09-04;33039.66
CEBADA FORR.;USD;Zona 4/En destino;22;195;199.454545;195;212;2026-03-20;2026-09-01;3200
CEBADA FORR.;USD;Zona 5/En destino;1;215;215;215;215;2026-06-23;2026-06-23;180
CEBADA FORR.;USD;Zona 6/En destino;14;180;200.928571;205;205;2026-03-30;2026-08-06;2301.62
CEBADA FORR.;USD;Zona 7/En destino;3;135;175;185;205;2026-04-20;2026-09-01;275.39
Girasol;ARS;B.Blanca/En destino;89;360;517937.606742;522500;670500;2026-03-17;2026-08-21;20707.26
Girasol;ARS;Bs As/En destino;24;360;496048.541667;564470;714280;2026-04-13;2026-08-20;3502.37
Girasol;ARS;Bs As/En origen;1;555600;555600;555600;555600;2026-04-01;2026-04-01;62.32
Girasol;ARS;Cordoba/En destino;10;512620;571604;557792.5;742300;2026-03-16;2026-08-21;138.75
Girasol;ARS;Quequen/En destino;43;294460;504477.953488;500040;593200;2026-03-19;2026-07-23;15519.33
Girasol;ARS;Rosario N/En destino;4568;390;597311.851795;584000;836812;2026-03-13;2026-09-03;243841.66
Girasol;ARS;Rosario N/En origen;55;454723;527391.6;515270;719860;2026-03-19;2026-08-19;2753.71
Girasol;ARS;Rosario S/En destino;354;420;583690.855932;576000;806144;2026-03-13;2026-09-03;38064.62
Girasol;ARS;Rosario S/En origen;4;523826;523826;523826;523826;2026-04-30;2026-04-30;100
Girasol;ARS;Zona 25/En destino;4430;198;582294.941761;571335;910734;2026-03-12;2026-09-04;288821.46
Girasol;ARS;Zona 25/En origen;89;408770;563201.561798;559265;745250;2026-03-13;2026-09-01;4595.75
Girasol;USD;B.Blanca/En destino;728;174.34;372.936264;380;450;2026-03-13;2026-09-05;69577.33
Girasol;USD;B.Blanca/En origen;1;500;500;500;500;2026-05-14;2026-05-14;56
Girasol;USD;Bs As/En destino;390;260;389.789744;400;1210;2026-03-13;2026-09-07;55984.37
Girasol;USD;Bs As/En origen;4;400;410;410;420;2026-05-27;2026-08-07;2348
Girasol;USD;Cordoba/En destino;10;300;376.5;380;420;2026-03-19;2026-07-30;3272.7
Girasol;USD;Quequen/En destino;2242;205;383.756423;380;480;2026-03-12;2026-09-05;476583.29
Girasol;USD;Quequen/En origen;50;300;409.9824;400;470;2026-03-20;2026-09-04;18816.01
Girasol;USD;Rosario N/En destino;1478;182;417.540453;410;540;2026-03-12;2026-09-07;327648.28
Girasol;USD;Rosario N/En origen;490;300;418.053531;425;500;2026-03-13;2026-09-04;98886.22
Girasol;USD;Rosario S/En destino;1199;60;415.071168;420;550;2026-03-12;2026-09-07;309863.85
Girasol;USD;Zona 25/En destino;5632;30;386.59715;380;540;2026-03-12;2026-09-07;953978.81
Girasol;USD;Zona 25/En origen;337;261.72;388.560831;380;500;2026-03-12;2026-09-04;55081.86
Maíz;ARS;B.Blanca/En destino;880;185;279272.178409;278597.5;560000;2026-03-13;2026-09-04;333424.12
Maíz;ARS;Bs As/En destino;315;10000;265257.079365;267500;330000;2026-03-13;2026-09-04;41451.34
Maíz;ARS;Bs As/En origen;1;245000;245000;245000;245000;2026-05-08;2026-05-08;90
Maíz;ARS;Cordoba/En destino;2932;156;257426.334243;263200;326633;2026-03-13;2026-09-04;328731.84
Maíz;ARS;Cordoba/En origen;308;189250;218980.321429;215320;272320;2026-03-13;2026-09-04;81869.38
Maíz;ARS;Quequen/En destino;186;5000;278765.005376;276752;525000;2026-03-13;2026-09-03;140279.31
Maíz;ARS;Rosario N/En destino;17791;185.13;262556.269637;264000;540000;2026-03-12;2026-09-07;3308146.67
Maíz;ARS;Rosario N/En origen;251;176700;229868.482072;228547;282000;2026-03-13;2026-09-04;28974.36
Maíz;ARS;Rosario S/En destino;6914;180;265079.593;264000;554280;2026-03-12;2026-09-07;2704396.04
Maíz;ARS;Rosario S/En origen;15;250360;293312.933333;270000;460000;2026-04-14;2026-09-02;4627.27
Maíz;ARS;Zona 1/En destino;19;201100;252652.631579;249590;272000;2026-05-29;2026-08-31;1192.82
Maíz;ARS;Zona 1/En origen;169;190835;212836.455621;209256;260833;2026-03-13;2026-07-21;18198.1
Maíz;ARS;Zona 10/En destino;2470;192;262163.749927;266070;323711;2026-03-12;2026-09-04;468942.34
Maíz;ARS;Zona 10/En origen;41;205441;229620.878049;222500;267236;2026-03-19;2026-08-29;5187.3
Maíz;ARS;Zona 11/En destino;2551;185;257383.128969;263050;565000;2026-03-13;2026-09-06;252347.92
Maíz;ARS;Zona 11/En origen;409;200500;249269.599022;255855;513000;2026-03-17;2026-09-04;30757.01
Maíz;ARS;Zona 12/En destino;1080;183.15;256647.299269;259560;510000;2026-03-13;2026-09-04;186129.12
Maíz;ARS;Zona 12/En origen;5;242000;247435;245000;260000;2026-04-14;2026-06-16;586.33
Maíz;ARS;Zona 13/En destino;2554;165;253200.564605;254460;522105;2026-03-12;2026-09-04;445462.64
Maíz;ARS;Zona 13/En origen;72;180000;225211.347222;212000;284600;2026-03-16;2026-09-01;13249.28
Maíz;ARS;Zona 14/En destino;1423;15026.9;260943.329445;263500;441000;2026-03-13;2026-09-04;181399.73
Maíz;ARS;Zona 14/En origen;106;207320;244347.924528;247960;267500;2026-03-13;2026-09-03;5608.28
Maíz;ARS;Zona 15/En destino;954;169.98;268887.655115;272150;475000;2026-03-19;2026-09-04;187066.55
Maíz;ARS;Zona 15/En origen;209;181090;207676.866029;204700;277800;2026-03-13;2026-09-04;35643.79
Maíz;ARS;Zona 16/En destino;629;150000;263762.329094;272170;283560;2026-03-13;2026-09-04;99348.3
Maíz;ARS;Zona 16/En origen;136;183700;203341.338235;200490;278260;2026-04-07;2026-09-04;22761.09
Maíz;ARS;Zona 17/En destino;274;117534;244850.00365;266700;285560;2026-03-17;2026-09-07;109055.07
Maíz;ARS;Zona 17/En origen;285;155808;198320.785965;192570;282500;2026-03-13;2026-09-04;51618.28
Maíz;ARS;Zona 18/En destino;1328;286.94;254552.784593;255715;510000;2026-03-13;2026-09-07;147055.46
Maíz;ARS;Zona 18/En origen;200;178000;234542.965;232750;293040;2026-03-13;2026-09-03;19971.54
Maíz;ARS;Zona 2/En destino;213;24500;254456.328638;259560;301000;2026-03-13;2026-09-04;29514.37
Maíz;ARS;Zona 2/En origen;24;190000;233279.166667;240100;250000;2026-04-06;2026-09-03;1637.81
Maíz;ARS;Zona 26/En destino;26;201008;257163.615385;264950;278256;2026-03-20;2026-09-03;7317.63
Maíz;ARS;Zona 26/En origen;24;200000;217915.833333;220555;242380;2026-03-16;2026-09-03;8951.5
Maíz;ARS;Zona 3/En destino;29;175000;242621.724138;240000;530000;2026-03-17;2026-08-31;3091.48
Maíz;ARS;Zona 4/En destino;280;215000;259965.928571;259958.5;369875;2026-03-12;2026-09-02;47365.98
Maíz;ARS;Zona 4/En origen;11;250516;265352.545455;266710;290000;2026-05-06;2026-09-02;2905.28
Maíz;ARS;Zona 5/En destino;1050;183;256325.089524;256055.5;300000;2026-03-13;2026-09-07;190699.48
Maíz;ARS;Zona 5/En origen;7;230000;240285.714286;245000;245000;2026-06-11;2026-07-21;490
Maíz;ARS;Zona 6/En destino;3568;248.83;252285.583192;256800;480000;2026-03-12;2026-09-04;589168.64
Maíz;ARS;Zona 6/En origen;24;187476;243030.625;231150;418000;2026-03-13;2026-09-04;2608.59
Maíz;ARS;Zona 7/En destino;2745;189770;266771.067395;266300;445900;2026-03-12;2026-09-07;402021.78
Maíz;ARS;Zona 7/En origen;53;199543;248069.509434;254098;295000;2026-03-16;2026-09-04;9827.49
Maíz;ARS;Zona 8/En destino;6016;180;255879.092537;256780;492480;2026-03-13;2026-09-07;766426.12
Maíz;ARS;Zona 8/En origen;264;194797;256370.162879;257500;288000;2026-03-13;2026-09-07;18647.23
Maíz;ARS;Zona 9/En destino;6538;27969.2;260713.721199;264060;537840;2026-03-13;2026-09-07;1050809.48
Maíz;ARS;Zona 9/En origen;167;198000;248409.467066;254800;286000;2026-03-13;2026-09-07;10522.8
Maíz;USD;B.Blanca/En destino;4729;146.4;198.260431;200;352.15;2026-03-12;2026-09-07;2862715.07
Maíz;USD;B.Blanca/En origen;11;181.8;196.858182;199.98;207.05;2026-03-19;2026-06-24;6937
Maíz;USD;Bs As/En destino;49;169;179.408163;178;205;2026-03-16;2026-08-26;6715.3
Maíz;USD;Cordoba/En destino;573;147;186.135305;185;210;2026-03-12;2026-09-04;317970.27
Maíz;USD;Cordoba/En origen;23;136.45;181.29087;185;200;2026-03-25;2026-08-20;5390.03
Maíz;USD;Quequen/En destino;1816;19;193.851602;195;450;2026-03-12;2026-09-07;839347.81
Maíz;USD;Quequen/En origen;82;120;194.574024;196.95;207.05;2026-03-12;2026-09-04;48825.27
Maíz;USD;Rosario N/En destino;11067;141;187.730672;185;910;2026-03-12;2026-09-07;12073462.31
Maíz;USD;Rosario N/En origen;91;118.46;167.476593;180;210;2026-03-16;2026-09-04;59353.3
Maíz;USD;Rosario S/En destino;15166;161.71;190.990677;188;542.02;2026-03-12;2026-09-07;5941973.76
Maíz;USD;Rosario S/En origen;101;177.5;186.6;185;207;2026-03-16;2026-09-04;303380
Maíz;USD;Zona 10/En destino;785;10;187.198879;190;215;2026-03-12;2026-09-04;418070.44
Maíz;USD;Zona 11/En destino;222;151.11;184.63955;185;210;2026-03-13;2026-09-04;63323.19
Maíz;USD;Zona 11/En origen;19;150.79;187.357368;190;200;2026-03-23;2026-08-28;4866
Maíz;USD;Zona 12/En destino;1216;118.1;187.01653;185;1000;2026-03-13;2026-09-07;689550.61
Maíz;USD;Zona 13/En destino;412;160;185.336044;183;210;2026-03-13;2026-09-04;211534.28
Maíz;USD;Zona 13/En origen;4;180;196.25;197.5;210;2026-03-13;2026-08-28;2560
Maíz;USD;Zona 14/En destino;172;161;181.028023;180;205;2026-03-13;2026-09-04;128124.31
Maíz;USD;Zona 14/En origen;1;182.2;182.2;182.2;182.2;2026-07-14;2026-07-14;2000
Maíz;USD;Zona 15/En destino;440;133.5;178.475909;185;360.36;2026-03-12;2026-09-04;251399.09
Maíz;USD;Zona 15/En origen;64;119.61;169.701562;180;200;2026-03-20;2026-09-04;35642.77
Maíz;USD;Zona 16/En destino;210;141;172.115762;180.5;203.7;2026-03-13;2026-09-03;151812.35
Maíz;USD;Zona 16/En origen;65;127.28;170.210769;182;201;2026-03-20;2026-09-01;58353.11
Maíz;USD;Zona 17/En destino;217;139.49;184.237143;185;205;2026-03-12;2026-09-07;142924
Maíz;USD;Zona 17/En origen;117;114.1;176.453504;185;205;2026-03-12;2026-09-04;98011.19
Maíz;USD;Zona 18/En destino;119;170;186.953782;188;210;2026-03-16;2026-09-07;57985.29
Maíz;USD;Zona 18/En origen;9;157;178.888889;185;188;2026-04-14;2026-06-30;2990
Maíz;USD;Zona 2/En destino;833;141;195.63527;198;290;2026-03-13;2026-09-04;640147.52
Maíz;USD;Zona 2/En origen;4;138.31;153.275;157.68;159.43;2026-05-26;2026-07-21;3712
Maíz;USD;Zona 26/En destino;4;140;151.25;140;185;2026-03-16;2026-08-20;266.76
Maíz;USD;Zona 3/En destino;140;150;192.082286;191.04;210;2026-03-16;2026-09-04;87245.4
Maíz;USD;Zona 4/En destino;136;150;169.583824;165;200;2026-03-13;2026-09-04;33773.54
Maíz;USD;Zona 4/En origen;61;155;191.704918;190;370;2026-05-20;2026-09-04;7629.92
Maíz;USD;Zona 5/En destino;813;120;186.431501;185;240;2026-03-12;2026-09-07;398127.83
Maíz;USD;Zona 5/En origen;12;178.7;185.521667;183.315;202;2026-03-12;2026-09-04;4322.08
Maíz;USD;Zona 6/En destino;1036;153;186.861062;186;244;2026-03-12;2026-09-04;413540.35
Maíz;USD;Zona 6/En origen;2;160;170;170;180;2026-08-24;2026-08-27;234.2
Maíz;USD;Zona 7/En destino;2572;140;194.603904;195;290;2026-03-12;2026-09-07;1064602.81
Maíz;USD;Zona 7/En origen;62;134.99;181.938871;187.5;205;2026-03-25;2026-09-04;11061.11
Maíz;USD;Zona 8/En destino;1010;139;188.901376;190;215;2026-03-12;2026-09-04;384770.07
Maíz;USD;Zona 8/En origen;7;175;181.428571;180;188;2026-03-20;2026-07-21;853.18
Maíz;USD;Zona 9/En destino;1346;19.8;186.480186;189;210;2026-03-12;2026-09-07;570930.52
Maíz;USD;Zona 9/En origen;1;149.48;149.48;149.48;149.48;2026-07-03;2026-07-03;60
Soja;ARS;B.Blanca/En destino;1431;370;487531.12928;495000;570000;2026-03-13;2026-09-04;471430.06
Soja;ARS;B.Blanca/En origen;5;520000;520000;520000;520000;2026-07-28;2026-07-28;2860
Soja;ARS;Bs As/En destino;160;240000;468303.125;465000;565000;2026-03-16;2026-09-03;14397.22
Soja;ARS;Cordoba/En destino;5193;320;465361.161949;463300;565000;2026-03-13;2026-09-07;336709.08
Soja;ARS;Cordoba/En origen;296;366000;425403.091216;418273;550000;2026-03-17;2026-09-04;17527.43
Soja;ARS;Quequen/En destino;707;280000;480894.050919;482190;609970;2026-03-13;2026-09-07;261032.08
Soja;ARS;Rosario N/En destino;36474;315;475165.776;469650;650000;2026-03-12;2026-09-07;9115914.4
Soja;ARS;Rosario N/En origen;392;355000;429728.454082;426253.5;565000;2026-03-16;2026-09-07;48067.51
Soja;ARS;Rosario S/En destino;21729;185;474602.647052;470000;644000;2026-03-12;2026-09-07;5628990.25
Soja;ARS;Rosario S/En origen;24;432000;454479.166667;445000;505000;2026-04-08;2026-08-03;4585.12
Soja;ARS;Zona 1/En destino;4;421800;454475;465300;465500;2026-03-13;2026-07-17;212.22
Soja;ARS;Zona 1/En origen;10;410800;429460;423150;450000;2026-04-10;2026-07-21;1072.49
Soja;ARS;Zona 10/En destino;1902;262770;466330.465825;463400;563500;2026-03-13;2026-09-04;188869.97
Soja;ARS;Zona 11/En destino;5343;1111;460014.450683;462000;565000;2026-03-13;2026-09-04;395165.2
Soja;ARS;Zona 11/En origen;527;54500;448147.464896;448175;560000;2026-03-17;2026-09-04;15532.34
Soja;ARS;Zona 12/En destino;2821;338;471676.87274;468000;602550;2026-03-13;2026-09-07;4830968.83
Soja;ARS;Zona 12/En origen;7;433469;465359.857143;461445;515000;2026-05-21;2026-08-28;197.03
Soja;ARS;Zona 13/En destino;3485;312;457896.296126;460000;630180;2026-03-13;2026-09-07;324416.34
Soja;ARS;Zona 13/En origen;48;374900;430271.416667;426820;515000;2026-03-26;2026-09-02;1454.38
Soja;ARS;Zona 14/En destino;2517;210050;471485.290822;465000;591000;2026-03-13;2026-09-05;231682.66
Soja;ARS;Zona 14/En origen;235;44000;439334.157447;441000;530160;2026-03-13;2026-09-03;13875.41
Soja;ARS;Zona 15/En destino;3034;290030;470063.138102;465000;565000;2026-03-13;2026-09-04;400721.97
Soja;ARS;Zona 15/En origen;883;310730;413058.847112;403900;525000;2026-03-13;2026-09-03;113661.68
Soja;ARS;Zona 16/En destino;2563;329990;463675.342177;463000;563000;2026-03-13;2026-09-04;237858.73
Soja;ARS;Zona 16/En origen;531;347500;405863.116761;397800;505000;2026-03-23;2026-09-03;50236.93
Soja;ARS;Zona 17/En destino;1078;465;444887.662338;457700;562700;2026-03-17;2026-09-04;158335.22
Soja;ARS;Zona 17/En origen;714;250000;395775.766106;388886;505000;2026-03-20;2026-09-04;123641.23
Soja;ARS;Zona 18/En destino;2263;17384;456871.722934;460000;565000;2026-03-13;2026-09-05;142745.67
Soja;ARS;Zona 18/En origen;37;375000;435002.27027;437409;496800;2026-03-31;2026-09-01;2573.75
Soja;ARS;Zona 2/En destino;386;367000;445857;440000;565000;2026-03-13;2026-09-04;79796.63
Soja;ARS;Zona 26/En destino;2;465000;465000;465000;465000;2026-07-07;2026-07-07;144.77
Soja;ARS;Zona 26/En origen;4;223710;227655;227655;231600;2026-07-24;2026-08-26;1940
Soja;ARS;Zona 3/En destino;97;41000;474723.938144;470000;555000;2026-03-18;2026-09-02;49091.93
Soja;ARS;Zona 4/En destino;190;380000;460279.331579;453422;552720;2026-03-13;2026-09-04;8856.05
Soja;ARS;Zona 4/En origen;30;388000;425058.166667;425000;472245;2026-04-10;2026-07-13;1503.77
Soja;ARS;Zona 5/En destino;744;245000;461107.84543;455000;619112;2026-03-12;2026-09-04;131448.95
Soja;ARS;Zona 5/En origen;18;374284;429807.666667;425357;500000;2026-04-15;2026-08-04;4371.21
Soja;ARS;Zona 6/En destino;5675;184.6;465068.525744;465000;567520;2026-03-12;2026-09-04;529529.63
Soja;ARS;Zona 6/En origen;208;41264;428088.822115;428156;550000;2026-03-13;2026-09-04;11088.48
Soja;ARS;Zona 7/En destino;6752;38000;468766.944905;465000;565000;2026-03-12;2026-09-07;667942.43
Soja;ARS;Zona 7/En origen;178;360700;451973.758427;455000;550000;2026-03-16;2026-09-03;11555.51
Soja;ARS;Zona 8/En destino;10436;43000;470377.172767;465000;565000;2026-03-12;2026-09-05;799832.73
Soja;ARS;Zona 8/En origen;235;205000;451969.761702;454500;550000;2026-03-16;2026-09-04;25295.99
Soja;ARS;Zona 9/En destino;14257;375;466714.240794;463400;750000;2026-03-12;2026-09-07;1316459.71
Soja;ARS;Zona 9/En origen;59;370037;469663.525424;465000;550000;2026-03-18;2026-08-31;3157.07
Soja;USD;B.Blanca/En destino;1699;225;324.264285;320;400;2026-03-12;2026-09-07;445994.55
Soja;USD;B.Blanca/En origen;3;305;328.916667;333.3;348.45;2026-05-14;2026-08-20;3720.15
Soja;USD;Bs As/En destino;2;400;400;400;400;2026-07-24;2026-07-24;200
Soja;USD;Cordoba/En destino;320;293;337.127344;331;450;2026-03-13;2026-09-04;87689.63
Soja;USD;Cordoba/En origen;3;280.33;309.443333;323;325;2026-03-26;2026-04-30;1335
Soja;USD;Quequen/En destino;1897;200;324.392103;320;460;2026-03-13;2026-09-07;497469.47
Soja;USD;Quequen/En origen;24;305;334.11875;330.775;358.55;2026-04-28;2026-09-03;8328.13
Soja;USD;Rosario N/En destino;2837;178;333.838044;332;500;2026-03-12;2026-09-07;2268053.26
Soja;USD;Rosario N/En origen;86;234.53;311.066279;320;376;2026-03-20;2026-09-04;67772.66
Soja;USD;Rosario S/En destino;7262;90;346.258814;345.35;520;2026-03-12;2026-09-07;2032210.68
Soja;USD;Rosario S/En origen;185;314.6;325.793514;320.7;363;2026-03-27;2026-09-02;447076.55
Soja;USD;Zona 10/En destino;78;270;338.109615;340;375;2026-03-13;2026-09-03;26402.43
Soja;USD;Zona 11/En destino;88;305.86;332.029432;325;375;2026-03-13;2026-09-04;19915.09
Soja;USD;Zona 12/En destino;322;190;325.991304;325.5;375;2026-03-13;2026-09-04;220936.06
Soja;USD;Zona 12/En origen;1;318;318;318;318;2026-04-08;2026-04-08;200
Soja;USD;Zona 13/En destino;570;278;321.549491;315;382.71;2026-03-12;2026-09-07;181204.73
Soja;USD;Zona 14/En destino;57;173;327.10193;324;375;2026-03-19;2026-09-04;51979.97
Soja;USD;Zona 14/En origen;3;325;331.833333;335;335.5;2026-03-18;2026-05-26;1500
Soja;USD;Zona 15/En destino;262;185;328.079656;325;370;2026-03-13;2026-09-04;88003.47
Soja;USD;Zona 15/En origen;66;232.18;316.161515;314.665;823;2026-03-20;2026-08-26;23954.14
Soja;USD;Zona 16/En destino;79;277.64;321.463418;320.6;353.7;2026-03-13;2026-09-04;30729.04
Soja;USD;Zona 16/En origen;49;261.01;317.854898;323;363;2026-03-30;2026-09-03;20900.11
Soja;USD;Zona 17/En destino;138;213;320.892536;321.65;373.5;2026-03-16;2026-09-04;50041.05
Soja;USD;Zona 17/En origen;84;267.76;334.325952;337;374;2026-03-19;2026-09-04;55144.47
Soja;USD;Zona 18/En destino;135;297;320.725926;320;372;2026-03-19;2026-09-04;16581.54
Soja;USD;Zona 2/En destino;374;195;314.24639;315;370;2026-03-13;2026-09-04;125791.82
Soja;USD;Zona 2/En origen;1;313.04;313.04;313.04;313.04;2026-08-20;2026-08-20;35
Soja;USD;Zona 3/En destino;209;284.49;312.213971;312;400;2026-03-13;2026-09-04;37434.21
Soja;USD;Zona 3/En origen;1;320.5;320.5;320.5;320.5;2026-08-28;2026-08-28;180.36
Soja;USD;Zona 4/En destino;235;190;303.152511;296;365;2026-04-20;2026-09-02;18314.95
Soja;USD;Zona 4/En origen;38;279;318.026316;320;345;2026-05-13;2026-08-21;3986.86
Soja;USD;Zona 5/En destino;407;210;331.774496;327.24;450;2026-03-12;2026-09-04;228916.96
Soja;USD;Zona 5/En origen;4;300.98;327.4925;331.785;345.42;2026-03-19;2026-08-19;2360
Soja;USD;Zona 6/En destino;508;200;332.973327;330;419;2026-03-13;2026-09-04;109408.51
Soja;USD;Zona 7/En destino;1309;196.13;333.322574;330;400;2026-03-12;2026-09-04;402875.56
Soja;USD;Zona 7/En origen;81;308;330.378889;330;365.93;2026-03-19;2026-09-01;6112.93
Soja;USD;Zona 8/En destino;299;298;338.738796;337;375;2026-03-13;2026-09-04;87060.58
Soja;USD;Zona 8/En origen;4;283.53;290.3825;291.5;295;2026-04-30;2026-05-08;2300
Soja;USD;Zona 9/En destino;353;185;334.01711;330;430;2026-03-13;2026-09-07;100884.15
Sorgo;ARS;B.Blanca/En destino;1;272500;272500;272500;272500;2026-09-01;2026-09-01;60
Sorgo;ARS;Cordoba/En destino;10;195;241878.6;271771;281010;2026-03-17;2026-08-29;1226.83
Sorgo;ARS;Cordoba/En origen;1;267305;267305;267305;267305;2026-08-22;2026-08-22;31.16
Sorgo;ARS;Rosario N/En destino;1280;130;269601.661719;273000;310590;2026-03-16;2026-09-03;135987.78
Sorgo;ARS;Rosario N/En origen;18;163250;202394.722222;193011;279870;2026-07-01;2026-09-04;2189.01
Sorgo;ARS;Rosario S/En destino;427;195;267238.262295;271837;477700;2026-03-13;2026-09-03;314592.36
Sorgo;ARS;Zona 11/En destino;54;217545;251611.703704;246561;285500;2026-03-31;2026-09-03;6794.44
Sorgo;ARS;Zona 12/En destino;18;240178;263941.722222;263640;279300;2026-04-06;2026-09-01;621.25
Sorgo;ARS;Zona 13/En destino;32;220123;254064.96875;269750;278920;2026-03-17;2026-08-19;823.3
Sorgo;ARS;Zona 14/En destino;46;202000;272646.869565;264650;380700;2026-03-16;2026-08-27;4133.27
Sorgo;ARS;Zona 15/En destino;29;181656;231434.586207;224870;296000;2026-03-25;2026-09-01;4672.38
Sorgo;ARS;Zona 15/En origen;28;183960;194511.071429;195000;209420;2026-06-26;2026-09-03;2870.59
Sorgo;ARS;Zona 16/En destino;1;280000;280000;280000;280000;2026-06-26;2026-06-26;107.24
Sorgo;ARS;Zona 17/En destino;4;147540;169833;170896;190000;2026-06-18;2026-06-18;103.75
Sorgo;ARS;Zona 17/En origen;1;190000;190000;190000;190000;2026-07-08;2026-07-08;30
Sorgo;ARS;Zona 18/En destino;117;210583;255275.179487;262960;285516;2026-03-13;2026-09-02;8596.75
Sorgo;ARS;Zona 5/En destino;2;277400;353700;353700;430000;2026-05-08;2026-05-08;946.69
Sorgo;ARS;Zona 6/En destino;5;220000;290060;245000;495000;2026-05-08;2026-09-07;237.12
Sorgo;ARS;Zona 7/En destino;2;200000;234940;234940;269880;2026-05-07;2026-08-06;74.26
Sorgo;ARS;Zona 8/En destino;61;240000;269592.819672;271240;290400;2026-04-06;2026-09-03;2711.19
Sorgo;ARS;Zona 9/En destino;6;258210;271141.166667;272268.5;282100;2026-03-30;2026-08-25;617.14
Sorgo;USD;B.Blanca/En destino;1;180;180;180;180;2026-09-02;2026-09-02;36
Sorgo;USD;Bs As/En destino;1;195;195;195;195;2026-06-01;2026-06-01;30
Sorgo;USD;Cordoba/En destino;7;180;189.428571;190;200;2026-05-13;2026-08-07;710.46
Sorgo;USD;Cordoba/En origen;1;180;180;180;180;2026-07-30;2026-07-30;250
Sorgo;USD;Rosario N/En destino;1226;165;192.203948;192;330;2026-03-12;2026-09-04;436240.31
Sorgo;USD;Rosario N/En origen;62;104.78;161.808871;153.225;200;2026-04-10;2026-08-31;19574.07
Sorgo;USD;Rosario S/En destino;1402;170;191.555307;190;450;2026-03-12;2026-09-04;229832.76
Sorgo;USD;Rosario S/En origen;6;185;193.166667;192.5;202;2026-04-21;2026-08-25;4977
Sorgo;USD;Zona 11/En destino;15;178;197.642;200;205;2026-03-17;2026-07-20;2090.86
Sorgo;USD;Zona 12/En destino;61;180;191.813443;190;200;2026-03-13;2026-08-31;10523.66
Sorgo;USD;Zona 14/En destino;12;178.2;189.275;190;200;2026-05-05;2026-08-03;974.81
Sorgo;USD;Zona 15/En destino;29;135.65;173.53;185;200;2026-04-15;2026-08-05;4820.36
Sorgo;USD;Zona 15/En origen;34;118.86;140.226176;129.91;200;2026-03-23;2026-08-21;6128.74
Sorgo;USD;Zona 17/En destino;3;184;187.333333;185;193;2026-06-02;2026-08-04;3620.74
Sorgo;USD;Zona 5/En destino;8;195;201.875;200;225;2026-03-26;2026-08-31;1070
Sorgo;USD;Zona 6/En destino;1;166;166;166;166;2026-07-02;2026-07-02;1300
Sorgo;USD;Zona 8/En destino;1;200;200;200;200;2026-04-14;2026-04-14;120
TRIGO CAND.;ARS;B.Blanca/En destino;108;239238;331177.12963;320393;439956;2026-03-13;2026-09-04;38060.86
TRIGO CAND.;ARS;Bs As/En destino;38;256000;308970.973684;285766;403767;2026-03-13;2026-08-10;16689.84
TRIGO CAND.;ARS;Cordoba/En destino;2;276700;280850;280850;285000;2026-04-08;2026-06-23;180
TRIGO CAND.;ARS;Rosario S/En destino;1;295000;295000;295000;295000;2026-06-30;2026-06-30;10
TRIGO CAND.;ARS;Zona 16/En origen;5;275350;286304.4;288707;299736;2026-03-16;2026-08-31;14880
TRIGO CAND.;ARS;Zona 18/En destino;2;254005;263902.5;263902.5;273800;2026-04-01;2026-04-22;82.1
TRIGO CAND.;ARS;Zona 2/En destino;7;280940;340547.571429;339700;387980;2026-05-28;2026-09-04;245.7
TRIGO CAND.;ARS;Zona 3/En destino;1;288120;288120;288120;288120;2026-04-10;2026-04-10;400
TRIGO CAND.;ARS;Zona 6/En destino;16;250900;282048.75;292390;303240;2026-03-13;2026-07-01;3597.79
TRIGO CAND.;ARS;Zona 7/En destino;1;330000;330000;330000;330000;2026-06-05;2026-06-05;30
TRIGO CAND.;ARS;Zona 8/En destino;4;42040;181345;166670;350000;2026-03-13;2026-07-14;201.43
TRIGO CAND.;USD;B.Blanca/En destino;9;152.1;256.891111;246.82;381.25;2026-03-27;2026-09-04;11547.51
TRIGO CAND.;USD;Bs As/En destino;2;235;235;235;235;2026-04-14;2026-05-27;88.32
TRIGO CAND.;USD;Zona 6/En destino;1;321;321;321;321;2026-07-21;2026-07-21;170
TRIGO PAN;ARS;B.Blanca/En destino;606;200;293678.317409;294990;500000;2026-03-12;2026-09-03;437787.24
TRIGO PAN;ARS;Bs As/En destino;1600;213500;328974.65625;325000;480000;2026-03-12;2026-09-07;345448.08
TRIGO PAN;ARS;Bs As/En origen;25;230000;306510.8;305000;350000;2026-03-17;2026-08-31;3711.29
TRIGO PAN;ARS;Cordoba/En destino;944;208000;285225.572034;288000;390000;2026-03-12;2026-09-07;143048.37
TRIGO PAN;ARS;Cordoba/En origen;99;233.64;277297.410505;280000;335250;2026-03-13;2026-09-04;10573.99
TRIGO PAN;ARS;Quequen/En destino;256;200;303987.660156;299775;450292;2026-03-13;2026-09-03;81335.04
TRIGO PAN;ARS;Quequen/En origen;20;256500;305844.2;309128.5;326332;2026-04-14;2026-08-12;13919.22
TRIGO PAN;ARS;Rosario N/En destino;5976;215;292359.411479;294500;510000;2026-03-12;2026-09-04;1171849
TRIGO PAN;ARS;Rosario N/En origen;20;130000;239627.1;226682.5;313908;2026-03-21;2026-08-06;788.48
TRIGO PAN;ARS;Rosario S/En destino;4219;220;293728.730742;294500;560000;2026-03-12;2026-09-04;1136460.97
TRIGO PAN;ARS;Rosario S/En origen;3;290000;304333.333333;310000;313000;2026-04-08;2026-07-28;246
TRIGO PAN;ARS;Zona 10/En destino;63;215000;278926.936508;288976;360700;2026-03-13;2026-08-28;6219.2
TRIGO PAN;ARS;Zona 10/En origen;30;200000;237333.333333;231000;325000;2026-03-30;2026-08-20;987.49
TRIGO PAN;ARS;Zona 11/En destino;348;212400;277295.715517;280803;390000;2026-03-13;2026-09-04;36460.3
TRIGO PAN;ARS;Zona 11/En origen;9;233594;280516.888889;268690;325000;2026-04-06;2026-08-08;576.24
TRIGO PAN;ARS;Zona 12/En destino;721;1000;297208.126214;297760;363000;2026-03-12;2026-09-07;53096.81
TRIGO PAN;ARS;Zona 12/En origen;2;290000;300000;300000;310000;2026-04-23;2026-06-12;1590
TRIGO PAN;ARS;Zona 13/En destino;753;204800;272486.703851;271570;448750;2026-03-12;2026-09-04;67444.02
TRIGO PAN;ARS;Zona 13/En origen;26;215350;242596.807692;242544;284947;2026-03-16;2026-08-18;366.62
TRIGO PAN;ARS;Zona 14/En destino;970;100000;286802.675258;285013.5;410780;2026-03-13;2026-09-07;96790.72
TRIGO PAN;ARS;Zona 14/En origen;3;200000;258333.333333;280000;295000;2026-03-26;2026-07-17;478.83
TRIGO PAN;ARS;Zona 15/En destino;75;215300;279359.453333;283000;345200;2026-03-13;2026-08-25;10039.27
TRIGO PAN;ARS;Zona 15/En origen;21;201300;238274.333333;214500;483046;2026-03-27;2026-08-25;2994.42
TRIGO PAN;ARS;Zona 16/En destino;106;160000;286364.896226;282455;400000;2026-03-13;2026-09-04;24837.12
TRIGO PAN;ARS;Zona 16/En origen;41;216675;293446.341463;291460;360000;2026-03-16;2026-08-31;24675.11
TRIGO PAN;ARS;Zona 17/En destino;234;1001;269430.726496;292390;368000;2026-03-13;2026-09-04;58616.04
TRIGO PAN;ARS;Zona 17/En origen;119;28650;254231.672269;261870;321637;2026-03-27;2026-09-03;41848.01
TRIGO PAN;ARS;Zona 18/En destino;589;6000;277672.275042;285800;360720;2026-03-13;2026-09-04;56291.91
TRIGO PAN;ARS;Zona 2/En destino;925;223;285811.2604;290000;492000;2026-03-13;2026-09-07;140424.01
TRIGO PAN;ARS;Zona 2/En origen;4;240000;290000;300000;320000;2026-05-21;2026-09-03;448.9
TRIGO PAN;ARS;Zona 3/En destino;172;120000;294250.517442;295000;365000;2026-03-13;2026-09-03;38907.87
TRIGO PAN;ARS;Zona 3/En origen;1;265000;265000;265000;265000;2026-09-03;2026-09-03;60
TRIGO PAN;ARS;Zona 4/En destino;173;226384;279642.294798;273065;420000;2026-03-12;2026-09-03;24873.21
TRIGO PAN;ARS;Zona 4/En origen;17;200000;270331.235294;275000;305963;2026-03-27;2026-08-08;6498.92
TRIGO PAN;ARS;Zona 5/En destino;1243;292.39;331868.251319;325000;555000;2026-03-12;2026-09-07;139878
TRIGO PAN;ARS;Zona 5/En origen;6;295000;329590.666667;306272;435000;2026-03-30;2026-08-12;465.59
TRIGO PAN;ARS;Zona 6/En destino;2997;110553;304166.52319;300000;500000;2026-03-12;2026-09-07;434605.77
TRIGO PAN;ARS;Zona 6/En origen;40;218000;273516.1;272500;350000;2026-03-16;2026-09-04;18474.2
TRIGO PAN;ARS;Zona 7/En destino;1192;218;303285.911074;300000;425000;2026-03-13;2026-09-04;156565.3
TRIGO PAN;ARS;Zona 7/En origen;11;265500;293618.181818;299800;310000;2026-04-29;2026-07-16;1385.92
TRIGO PAN;ARS;Zona 8/En destino;3101;213.05;292907.866833;294500;515000;2026-03-12;2026-09-07;347543.13
TRIGO PAN;ARS;Zona 8/En origen;148;222760;294308.398649;296000;355000;2026-03-16;2026-09-04;13765.43
TRIGO PAN;ARS;Zona 9/En destino;1087;283.41;294033.123652;294414;450000;2026-03-12;2026-09-04;202857.47
TRIGO PAN;ARS;Zona 9/En origen;2;271100;273850;273850;276600;2026-04-17;2026-04-22;600
TRIGO PAN;USD;B.Blanca/En destino;3180;182;223.089066;220;380;2026-03-12;2026-09-07;1157129.12
TRIGO PAN;USD;B.Blanca/En origen;5;210;232.4;232.3;252.5;2026-03-30;2026-08-31;1080
TRIGO PAN;USD;Bs As/En destino;89;174;219.936742;218;380;2026-03-13;2026-09-04;25117.26
TRIGO PAN;USD;Bs As/En origen;2;230;282;282;334;2026-04-28;2026-09-03;2300
TRIGO PAN;USD;Cordoba/En destino;436;183;224.334495;225;250;2026-03-16;2026-09-03;97440.53
TRIGO PAN;USD;Cordoba/En origen;7;218;223.714286;225;227.5;2026-05-26;2026-08-20;2120
TRIGO PAN;USD;Quequen/En destino;1653;171;219.374465;220;380;2026-03-12;2026-09-07;550710.76
TRIGO PAN;USD;Quequen/En origen;28;184.39;223.097857;223.6;242.4;2026-03-18;2026-09-03;14564.67
TRIGO PAN;USD;Rosario N/En destino;5264;98;218.344354;220;312;2026-03-12;2026-09-07;2571991.84
TRIGO PAN;USD;Rosario N/En origen;29;166.96;225.653793;230;240;2026-03-23;2026-08-31;10040
TRIGO PAN;USD;Rosario S/En destino;6990;60;214.662027;218;320;2026-03-12;2026-09-07;2252849.19
TRIGO PAN;USD;Rosario S/En origen;24;190.5;205.019167;196;230;2026-03-16;2026-09-03;16657.08
TRIGO PAN;USD;Zona 10/En destino;32;195;225.684375;224.45;238.9;2026-04-07;2026-09-01;6480.13
TRIGO PAN;USD;Zona 11/En destino;73;193;219.935479;220;245;2026-03-20;2026-09-02;11419.73
TRIGO PAN;USD;Zona 12/En destino;485;170;215.23301;220;250;2026-03-13;2026-09-04;221245.61
TRIGO PAN;USD;Zona 12/En origen;6;210;227.5;227.5;240;2026-04-22;2026-05-27;5600
TRIGO PAN;USD;Zona 13/En destino;207;165;211.052174;215;317;2026-03-13;2026-09-03;35336.85
TRIGO PAN;USD;Zona 13/En origen;12;185;214.583333;219;226;2026-03-27;2026-08-12;9393.1
TRIGO PAN;USD;Zona 14/En destino;196;180;224.435612;225;318;2026-03-16;2026-09-04;58722.52
TRIGO PAN;USD;Zona 15/En destino;214;185;225.341636;227.5;240;2026-03-17;2026-09-04;59093.04
TRIGO PAN;USD;Zona 15/En origen;23;203;227.521739;230;240;2026-04-16;2026-08-28;9311
TRIGO PAN;USD;Zona 16/En destino;14;200;218.785714;220;240;2026-03-16;2026-09-04;5382
TRIGO PAN;USD;Zona 16/En origen;17;200;216.308824;218.5;225;2026-05-07;2026-08-05;10886.66
TRIGO PAN;USD;Zona 17/En destino;2;152.6;184.3;184.3;216;2026-03-31;2026-05-22;1032.89
TRIGO PAN;USD;Zona 17/En origen;1;225;225;225;225;2026-07-17;2026-07-17;907
TRIGO PAN;USD;Zona 18/En destino;98;157;224.602041;224;240;2026-03-16;2026-09-02;18094.9
TRIGO PAN;USD;Zona 2/En destino;751;183;223.43763;220;320;2026-03-13;2026-09-04;244241.24
TRIGO PAN;USD;Zona 2/En origen;1;192.84;192.84;192.84;192.84;2026-06-17;2026-06-17;10.74
TRIGO PAN;USD;Zona 3/En destino;215;190;214.486977;210;250.47;2026-03-16;2026-09-05;72081.36
TRIGO PAN;USD;Zona 3/En origen;3;195;203.333333;205;210;2026-03-26;2026-06-25;380
TRIGO PAN;USD;Zona 4/En destino;32;200;221.96875;219.5;240;2026-03-20;2026-09-01;8850.85
TRIGO PAN;USD;Zona 4/En origen;30;200;217.3;219.5;240;2026-03-20;2026-09-01;5248.85
TRIGO PAN;USD;Zona 5/En destino;268;180;222.679925;222.2;335.25;2026-03-12;2026-09-04;153560.67
TRIGO PAN;USD;Zona 5/En origen;2;220;221.1;221.1;222.2;2026-03-16;2026-03-20;750
TRIGO PAN;USD;Zona 6/En destino;1449;169;219.03597;220;295.1;2026-03-12;2026-09-04;372374.09
TRIGO PAN;USD;Zona 7/En destino;615;181.69;225.817789;230;250;2026-03-13;2026-09-04;134504.64
TRIGO PAN;USD;Zona 7/En origen;1;185;185;185;185;2026-04-01;2026-04-01;172.26
TRIGO PAN;USD;Zona 8/En destino;570;160;223.29107;225;305;2026-03-13;2026-09-03;118081.76
TRIGO PAN;USD;Zona 8/En origen;8;160;192.25;200;210;2026-04-01;2026-08-21;934.29
TRIGO PAN;USD;Zona 9/En destino;223;178;221.78565;220;245;2026-03-16;2026-09-04;47174.86
